ChargeStartDateTime;Model;Country;SiteLocationName;Description;QuantityBase;QuantityTier1;QuantityTier2;QuantityTier3;QuantityTier4;InvoiceNumber;UnitCostBase;UnitCostTier1;UnitCostTier2;UnitCostTier3;UnitCostTier4;VAT;Total Exc. VAT;Total Inc. VAT;Status;Invoice
2022-10-21T08:45:10+02:00;ms;PL;Krakow, Poland;CHARGING : NO_CHARGE;34.00 kwh;N/A;N/A;N/A;N/A;;2.60/kwh;N/A;N/A;N/A;N/A;0.00;0.00;0.00;PAID;
2022-10-04T16:04:27+02:00;ms;PL;Krakow, Poland;CHARGING : NO_CHARGE;24.00 kwh;N/A;N/A;N/A;N/A;;2.65/kwh;N/A;N/A;N/A;N/A;0.00;0.00;0.00;PAID;
2022-10-04T15:52:52+02:00;ms;PL;Krakow, Poland;CHARGING : NO_CHARGE;9.00 kwh;N/A;N/A;N/A;N/A;;2.65/kwh;N/A;N/A;N/A;N/A;0.00;0.00;0.00;PAID;
2022-10-01T13:55:09+02:00;ms;PL;Krakow, Poland;CHARGING : NO_CHARGE;31.00 kwh;N/A;N/A;N/A;N/A;;2.65/kwh;N/A;N/A;N/A;N/A;0.00;0.00;0.00;PAID;
2022-09-27T14:49:04+02:00;ms;PL;Krakow, Poland;CHARGING : NO_CHARGE;41.00 kwh;N/A;N/A;N/A;N/A;;2.65/kwh;N/A;N/A;N/A;N/A;0.00;0.00;0.00;PAID;
2022-09-24T19:56:39+02:00;ms;PL;Krakow, Poland;CHARGING : NO_CHARGE;41.00 kwh;N/A;N/A;N/A;N/A;;2.65/kwh;N/A;N/A;N/A;N/A;0.00;0.00;0.00;PAID;
2022-09-23T13:59:06+02:00;ms;PL;Krakow, Poland;CHARGING : NO_CHARGE;30.00 kwh;N/A;N/A;N/A;N/A;;2.65/kwh;N/A;N/A;N/A;N/A;0.00;0.00;0.00;PAID;
2022-09-19T10:54:58+02:00;ms;PL;Krakow, Poland;CHARGING : NO_CHARGE;37.00 kwh;N/A;N/A;N/A;N/A;;2.65/kwh;N/A;N/A;N/A;N/A;0.00;0.00;0.00;PAID;
2022-09-11T19:32:52+02:00;ms;PL;Radom, Poland;CHARGING : NO_CHARGE;58.00 kwh;N/A;N/A;N/A;N/A;;2.20/kwh;N/A;N/A;N/A;N/A;0.00;0.00;0.00;PAID;
2022-09-11T10:10:06+02:00;ms;PL;Warsaw, Poland;CHARGING : NO_CHARGE;63.00 kwh;N/A;N/A;N/A;N/A;;2.20/kwh;N/A;N/A;N/A;N/A;0.00;0.00;0.00;PAID;
2022-09-10T10:34:03+02:00;ms;PL;Radom, Poland;CHARGING : NO_CHARGE;58.00 kwh;N/A;N/A;N/A;N/A;;2.20/kwh;N/A;N/A;N/A;N/A;0.00;0.00;0.00;PAID;
2022-09-03T13:41:13+02:00;ms;PL;Krakow, Poland;CHARGING : NO_CHARGE;39.00 kwh;N/A;N/A;N/A;N/A;;2.20/kwh;N/A;N/A;N/A;N/A;0.00;0.00;0.00;PAID;
2022-08-19T12:03:00+02:00;ms;PL;Krakow, Poland;CHARGING : NO_CHARGE;33.00 kwh;N/A;N/A;N/A;N/A;;2.00/kwh;N/A;N/A;N/A;N/A;0.00;0.00;0.00;PAID;
2022-08-13T16:10:11+02:00;ms;PL;Katowice, Poland;CHARGING : NO_CHARGE;29.00 kwh;N/A;N/A;N/A;N/A;;2.00/kwh;N/A;N/A;N/A;N/A;0.00;0.00;0.00;PAID;
2022-08-13T13:05:45+02:00;ms;CZ;Olomouc, Czech Republic;CHARGING : NO_CHARGE;46.00 kwh;N/A;N/A;N/A;N/A;;13.80/kwh;N/A;N/A;N/A;N/A;0.00;0.00;0.00;PAID;
2022-08-13T10:53:52+02:00;ms;AT;Poysdorf, Austria;CHARGING : NO_CHARGE;32.00 kwh;N/A;N/A;N/A;N/A;;0.58/kwh;N/A;N/A;N/A;N/A;0.00;0.00;0.00;PAID;
2022-08-13T09:19:23+02:00;ms;AT;Wiener Neustadt, Austria;CHARGING : NO_CHARGE;25.00 kwh;N/A;N/A;N/A;N/A;;0.58/kwh;N/A;N/A;N/A;N/A;0.00;0.00;0.00;PAID;
2022-08-13T08:18:12+02:00;ms;AT;Kapfenberg, Austria;CHARGING : NO_CHARGE;17.00 kwh;N/A;N/A;N/A;N/A;;0.58/kwh;N/A;N/A;N/A;N/A;0.00;0.00;0.00;PAID;
2022-08-13T04:54:17+02:00;ms;AT;Villach, Austria;CHARGING : NO_CHARGE;57.00 kwh;N/A;N/A;N/A;N/A;;0.58/kwh;N/A;N/A;N/A;N/A;0.00;0.00;0.00;PAID;
2022-08-13T02:46:53+02:00;ms;IT;Palmanova, Italy;CHARGING : NO_CHARGE;42.00 kwh;N/A;N/A;N/A;N/A;;0.50/kwh;N/A;N/A;N/A;N/A;0.00;0.00;0.00;PAID;
2022-08-13T01:25:47+02:00;ms;IT;Mogliano Veneto, Italy;CHARGING : NO_CHARGE;32.00 kwh;N/A;N/A;N/A;N/A;;0.50/kwh;N/A;N/A;N/A;N/A;0.00;0.00;0.00;PAID;
2022-08-13T00:04:50+02:00;ms;IT;Occhiobello, Italy;CHARGING : NO_CHARGE;28.00 kwh;N/A;N/A;N/A;N/A;;0.50/kwh;N/A;N/A;N/A;N/A;0.00;0.00;0.00;PAID;
2022-08-12T22:19:57+02:00;ms;IT;Firenze, Italy;CHARGING : NO_CHARGE;11.00 kwh;N/A;N/A;N/A;N/A;;0.49/kwh;N/A;N/A;N/A;N/A;0.00;0.00;0.00;PAID;
2022-08-12T21:21:35+02:00;ms;IT;Firenze, Italy;CHARGING : NO_CHARGE;33.00 kwh;N/A;N/A;N/A;N/A;;0.49/kwh;N/A;N/A;N/A;N/A;0.00;0.00;0.00;PAID;
2022-08-12T06:19:35+02:00;ms;IT;Oristano, Italy;CHARGING : NO_CHARGE;39.00 kwh;N/A;N/A;N/A;N/A;;0.50/kwh;N/A;N/A;N/A;N/A;0.00;0.00;0.00;PAID;
2022-08-10T19:04:50+02:00;ms;IT;Oristano, Italy;CHARGING : NO_CHARGE;38.00 kwh;N/A;N/A;N/A;N/A;;0.50/kwh;N/A;N/A;N/A;N/A;0.00;0.00;0.00;PAID;
2022-08-07T17:33:11+02:00;ms;IT;Oristano, Italy;CHARGING : NO_CHARGE;48.00 kwh;N/A;N/A;N/A;N/A;;0.50/kwh;N/A;N/A;N/A;N/A;0.00;0.00;0.00;PAID;
2022-08-07T10:52:51+02:00;ms;IT;Oristano, Italy;CHARGING : NO_CHARGE;63.00 kwh;N/A;N/A;N/A;N/A;;0.50/kwh;N/A;N/A;N/A;N/A;0.00;0.00;0.00;PAID;
2022-08-05T12:14:21+02:00;ms;IT;Oristano, Italy;CHARGING : NO_CHARGE;40.00 kwh;N/A;N/A;N/A;N/A;;0.50/kwh;N/A;N/A;N/A;N/A;0.00;0.00;0.00;PAID;
2022-08-04T23:25:06+02:00;ms;IT;Oristano, Italy;CHARGING : NO_CHARGE;34.00 kwh;N/A;N/A;N/A;N/A;;0.50/kwh;N/A;N/A;N/A;N/A;0.00;0.00;0.00;PAID;
2022-08-04T12:29:19+02:00;ms;IT;Oristano, Italy;CHARGING : NO_CHARGE;34.00 kwh;N/A;N/A;N/A;N/A;;0.50/kwh;N/A;N/A;N/A;N/A;0.00;0.00;0.00;PAID;
2022-08-03T17:36:46+02:00;ms;IT;Oristano, Italy;CHARGING : NO_CHARGE;39.00 kwh;N/A;N/A;N/A;N/A;;0.50/kwh;N/A;N/A;N/A;N/A;0.00;0.00;0.00;PAID;
2022-08-02T21:12:35+02:00;ms;IT;Oristano, Italy;CHARGING : NO_CHARGE;39.00 kwh;N/A;N/A;N/A;N/A;;0.50/kwh;N/A;N/A;N/A;N/A;0.00;0.00;0.00;PAID;
2022-08-02T04:17:13+02:00;ms;IT;Firenze, Italy;CHARGING : NO_CHARGE;56.00 kwh;N/A;N/A;N/A;N/A;;0.49/kwh;N/A;N/A;N/A;N/A;0.00;0.00;0.00;PAID;
2022-08-02T02:14:38+02:00;ms;IT;Occhiobello, Italy;CHARGING : NO_CHARGE;36.00 kwh;N/A;N/A;N/A;N/A;;0.50/kwh;N/A;N/A;N/A;N/A;0.00;0.00;0.00;PAID;
2022-08-02T00:50:29+02:00;ms;IT;Mogliano Veneto, Italy;CHARGING : NO_CHARGE;30.00 kwh;N/A;N/A;N/A;N/A;;0.50/kwh;N/A;N/A;N/A;N/A;0.00;0.00;0.00;PAID;
2022-08-01T23:33:11+02:00;ms;IT;Palmanova, Italy;CHARGING : NO_CHARGE;22.00 kwh;N/A;N/A;N/A;N/A;;0.50/kwh;N/A;N/A;N/A;N/A;0.00;0.00;0.00;PAID;
2022-08-01T21:34:01+02:00;ms;AT;Villach, Austria;CHARGING : NO_CHARGE;28.00 kwh;N/A;N/A;N/A;N/A;;0.58/kwh;N/A;N/A;N/A;N/A;0.00;0.00;0.00;PAID;
2022-08-01T18:26:30+02:00;ms;AT;Kapfenberg, Austria;CHARGING : NO_CHARGE;52.00 kwh;N/A;N/A;N/A;N/A;;0.58/kwh;N/A;N/A;N/A;N/A;0.00;0.00;0.00;PAID;
2022-08-01T17:19:23+02:00;ms;AT;Wiener Neustadt, Austria;CHARGING : NO_CHARGE;20.00 kwh;N/A;N/A;N/A;N/A;;0.58/kwh;N/A;N/A;N/A;N/A;0.00;0.00;0.00;PAID;
2022-08-01T15:29:41+02:00;ms;AT;Poysdorf, Austria;CHARGING : NO_CHARGE;28.00 kwh;N/A;N/A;N/A;N/A;;0.58/kwh;N/A;N/A;N/A;N/A;0.00;0.00;0.00;PAID;
2022-08-01T12:56:34+02:00;ms;CZ;Olomouc, Czech Republic;CHARGING : NO_CHARGE;34.00 kwh;N/A;N/A;N/A;N/A;;13.80/kwh;N/A;N/A;N/A;N/A;0.00;0.00;0.00;PAID;
2022-08-01T10:29:12+02:00;ms;PL;Katowice, Poland;CHARGING : NO_CHARGE;42.00 kwh;N/A;N/A;N/A;N/A;;2.00/kwh;N/A;N/A;N/A;N/A;0.00;0.00;0.00;PAID;
2022-06-29T05:43:48+02:00;ms;PL;Katowice, Poland;CHARGING : NO_CHARGE;39.00 kwh;N/A;N/A;N/A;N/A;;1.60/kwh;N/A;N/A;N/A;N/A;0.00;0.00;0.00;PAID;
2022-06-29T02:46:40+02:00;ms;CZ;Olomouc, Czech Republic;CHARGING : NO_CHARGE;47.00 kwh;N/A;N/A;N/A;N/A;;13.30/kwh;N/A;N/A;N/A;N/A;0.00;0.00;0.00;PAID;
2022-06-29T00:33:23+02:00;ms;AT;Poysdorf, Austria;CHARGING : NO_CHARGE;43.00 kwh;N/A;N/A;N/A;N/A;;0.53/kwh;N/A;N/A;N/A;N/A;0.00;0.00;0.00;PAID;
2022-06-28T23:05:17+02:00;ms;AT;Wiener Neustadt, Austria;CHARGING : NO_CHARGE;13.00 kwh;N/A;N/A;N/A;N/A;;0.53/kwh;N/A;N/A;N/A;N/A;0.00;0.00;0.00;PAID;
2022-06-28T21:49:11+02:00;ms;AT;Kapfenberg, Austria;CHARGING : NO_CHARGE;25.00 kwh;N/A;N/A;N/A;N/A;;0.53/kwh;N/A;N/A;N/A;N/A;0.00;0.00;0.00;PAID;
2022-06-28T18:32:23+02:00;ms;AT;Villach, Austria;CHARGING : NO_CHARGE;52.00 kwh;N/A;N/A;N/A;N/A;;0.53/kwh;N/A;N/A;N/A;N/A;0.00;0.00;0.00;PAID;
2022-06-28T15:06:21+02:00;ms;IT;Mogliano Veneto, Italy;CHARGING : NO_CHARGE;43.00 kwh;N/A;N/A;N/A;N/A;;0.52/kwh;N/A;N/A;N/A;N/A;0.00;0.00;0.00;PAID;
2022-06-28T11:22:17+02:00;ms;IT;Occhiobello, Italy;CHARGING : NO_CHARGE;34.00 kwh;N/A;N/A;N/A;N/A;;0.52/kwh;N/A;N/A;N/A;N/A;0.00;0.00;0.00;PAID;
2022-06-28T09:19:38+02:00;ms;IT;Firenze, Italy;CHARGING : NO_CHARGE;32.00 kwh;N/A;N/A;N/A;N/A;;0.52/kwh;N/A;N/A;N/A;N/A;0.00;0.00;0.00;PAID;
2022-06-27T16:16:30+02:00;ms;IT;Oristano, Italy;CHARGING : NO_CHARGE;64.00 kwh;N/A;N/A;N/A;N/A;;0.52/kwh;N/A;N/A;N/A;N/A;0.00;0.00;0.00;PAID;
2022-06-26T14:54:29+02:00;ms;IT;Oristano, Italy;CHARGING : NO_CHARGE;18.00 kwh;N/A;N/A;N/A;N/A;;0.52/kwh;N/A;N/A;N/A;N/A;0.00;0.00;0.00;PAID;
2022-06-26T04:13:14+02:00;ms;IT;Oristano, Italy;CHARGING : NO_CHARGE;31.00 kwh;N/A;N/A;N/A;N/A;;0.52/kwh;N/A;N/A;N/A;N/A;0.00;0.00;0.00;PAID;
2022-06-25T20:24:08+02:00;ms;IT;Oristano, Italy;CHARGING : NO_CHARGE;5.00 kwh;N/A;N/A;N/A;N/A;;0.52/kwh;N/A;N/A;N/A;N/A;0.00;0.00;0.00;PAID;
2022-06-25T16:50:09+02:00;ms;IT;Oristano, Italy;CHARGING : NO_CHARGE;24.00 kwh;N/A;N/A;N/A;N/A;;0.52/kwh;N/A;N/A;N/A;N/A;0.00;0.00;0.00;PAID;
2022-06-25T11:41:22+02:00;ms;IT;Oristano, Italy;CHARGING : NO_CHARGE;34.00 kwh;N/A;N/A;N/A;N/A;;0.52/kwh;N/A;N/A;N/A;N/A;0.00;0.00;0.00;PAID;
2022-06-23T19:25:51+02:00;ms;IT;Oristano, Italy;CHARGING : NO_CHARGE;29.00 kwh;N/A;N/A;N/A;N/A;;0.52/kwh;N/A;N/A;N/A;N/A;0.00;0.00;0.00;PAID;
2022-06-22T16:45:56+02:00;ms;IT;Oristano, Italy;CHARGING : NO_CHARGE;30.00 kwh;N/A;N/A;N/A;N/A;;0.52/kwh;N/A;N/A;N/A;N/A;0.00;0.00;0.00;PAID;
2022-06-22T11:37:55+02:00;ms;IT;Oristano, Italy;CHARGING : NO_CHARGE;13.00 kwh;N/A;N/A;N/A;N/A;;0.52/kwh;N/A;N/A;N/A;N/A;0.00;0.00;0.00;PAID;
2022-06-21T09:15:14+02:00;ms;IT;Oristano, Italy;CHARGING : NO_CHARGE;37.00 kwh;N/A;N/A;N/A;N/A;;0.52/kwh;N/A;N/A;N/A;N/A;0.00;0.00;0.00;PAID;
2022-06-20T19:17:07+02:00;ms;IT;Tarquinia, Italy;CHARGING : NO_CHARGE;20.00 kwh;N/A;N/A;N/A;N/A;;0.52/kwh;N/A;N/A;N/A;N/A;0.00;0.00;0.00;PAID;
2022-06-20T16:49:56+02:00;ms;IT;Magliano Sabina, Italy;CHARGING : NO_CHARGE;63.00 kwh;N/A;N/A;N/A;N/A;;0.52/kwh;N/A;N/A;N/A;N/A;0.00;0.00;0.00;PAID;
2022-06-20T13:28:45+02:00;ms;IT;Tarquinia, Italy;CHARGING : NO_CHARGE;36.00 kwh;N/A;N/A;N/A;N/A;;0.52/kwh;N/A;N/A;N/A;N/A;0.00;0.00;0.00;PAID;
2022-06-20T11:46:39+02:00;ms;IT;Grosseto, Italy;CHARGING : NO_CHARGE;32.00 kwh;N/A;N/A;N/A;N/A;;0.52/kwh;N/A;N/A;N/A;N/A;0.00;0.00;0.00;PAID;
2022-06-20T03:13:54+02:00;ms;IT;Firenze, Italy;CHARGING : NO_CHARGE;51.00 kwh;N/A;N/A;N/A;N/A;;0.52/kwh;N/A;N/A;N/A;N/A;0.00;0.00;0.00;PAID;
2022-06-20T01:11:11+02:00;ms;IT;Occhiobello, Italy;CHARGING : NO_CHARGE;34.00 kwh;N/A;N/A;N/A;N/A;;0.52/kwh;N/A;N/A;N/A;N/A;0.00;0.00;0.00;PAID;
2022-06-19T23:37:30+02:00;ms;IT;Mogliano Veneto, Italy;CHARGING : NO_CHARGE;36.00 kwh;N/A;N/A;N/A;N/A;;0.52/kwh;N/A;N/A;N/A;N/A;0.00;0.00;0.00;PAID;
2022-06-19T20:44:28+02:00;ms;AT;Villach, Austria;CHARGING : NO_CHARGE;25.00 kwh;N/A;N/A;N/A;N/A;;0.53/kwh;N/A;N/A;N/A;N/A;0.00;0.00;0.00;PAID;
2022-06-19T20:24:24+02:00;ms;AT;Villach, Austria;CHARGING : NO_CHARGE;19.00 kwh;N/A;N/A;N/A;N/A;;0.53/kwh;N/A;N/A;N/A;N/A;0.00;0.00;0.00;PAID;
2022-06-19T17:08:31+02:00;ms;AT;Kapfenberg, Austria;CHARGING : NO_CHARGE;52.00 kwh;N/A;N/A;N/A;N/A;;0.53/kwh;N/A;N/A;N/A;N/A;0.00;0.00;0.00;PAID;
2022-06-19T15:59:13+02:00;ms;AT;Wiener Neustadt, Austria;CHARGING : NO_CHARGE;20.00 kwh;N/A;N/A;N/A;N/A;;0.53/kwh;N/A;N/A;N/A;N/A;0.00;0.00;0.00;PAID;
2022-06-19T14:40:34+02:00;ms;AT;Poysdorf, Austria;CHARGING : NO_CHARGE;2.00 kwh;N/A;N/A;N/A;N/A;;0.53/kwh;N/A;N/A;N/A;N/A;0.00;0.00;0.00;PAID;
2022-06-19T14:08:54+02:00;ms;AT;Poysdorf, Austria;CHARGING : NO_CHARGE;34.00 kwh;N/A;N/A;N/A;N/A;;0.53/kwh;N/A;N/A;N/A;N/A;0.00;0.00;0.00;PAID;
2022-06-19T11:49:21+02:00;ms;CZ;Olomouc, Czech Republic;CHARGING : NO_CHARGE;42.00 kwh;N/A;N/A;N/A;N/A;;13.30/kwh;N/A;N/A;N/A;N/A;0.00;0.00;0.00;PAID;
2022-06-19T09:30:15+02:00;ms;PL;Katowice, Poland;CHARGING : NO_CHARGE;31.00 kwh;N/A;N/A;N/A;N/A;;1.60/kwh;N/A;N/A;N/A;N/A;0.00;0.00;0.00;PAID;
2022-05-21T23:40:10+02:00;ms;PL;Katowice, Poland;CHARGING : FREE_SITE;N/A;N/A;N/A;N/A;N/A;;N/A;N/A;N/A;N/A;N/A;0.00;0.00;0.00;PAID;
2022-05-21T19:45:28+02:00;ms;PL;Lucmierz, Poland;CHARGING : FREE_SITE;N/A;N/A;N/A;N/A;N/A;;N/A;N/A;N/A;N/A;N/A;0.00;0.00;0.00;PAID;
2022-05-21T10:26:59+02:00;ms;PL;Katowice, Poland;CHARGING : FREE_SITE;N/A;N/A;N/A;N/A;N/A;;N/A;N/A;N/A;N/A;N/A;0.00;0.00;0.00;PAID;
2022-05-14T21:17:26+02:00;ms;PL;Katowice, Poland - E.Leclerc;CHARGING : FREE_SITE;N/A;N/A;N/A;N/A;N/A;;N/A;N/A;N/A;N/A;N/A;0.00;0.00;0.00;PAID;
2022-05-14T14:34:17+02:00;ms;PL;Lucmierz, Poland;CHARGING : FREE_SITE;N/A;N/A;N/A;N/A;N/A;;N/A;N/A;N/A;N/A;N/A;0.00;0.00;0.00;PAID;
2022-05-14T09:17:53+02:00;ms;PL;Katowice, Poland;CHARGING : FREE_SITE;N/A;N/A;N/A;N/A;N/A;;N/A;N/A;N/A;N/A;N/A;0.00;0.00;0.00;PAID;
2022-05-12T16:34:56+02:00;ms;PL;Katowice, Poland - E.Leclerc;CHARGING : FREE_SITE;N/A;N/A;N/A;N/A;N/A;;N/A;N/A;N/A;N/A;N/A;0.00;0.00;0.00;PAID;
2022-04-27T15:51:23+02:00;ms;PL;Katowice, Poland;CHARGING : FREE_SITE;N/A;N/A;N/A;N/A;N/A;;N/A;N/A;N/A;N/A;N/A;0.00;0.00;0.00;PAID;
2022-04-27T09:02:04+02:00;ms;PL;Katowice, Poland;CHARGING : FREE_SITE;N/A;N/A;N/A;N/A;N/A;;N/A;N/A;N/A;N/A;N/A;0.00;0.00;0.00;PAID;
2022-03-09T14:08:46+01:00;ms;PL;Katowice, Poland;CHARGING : FREE_SITE;N/A;N/A;N/A;N/A;N/A;;N/A;N/A;N/A;N/A;N/A;0.00;0.00;0.00;PAID;
2022-02-26T09:51:38+01:00;ms;PL;Katowice, Poland;CHARGING : NO_CHARGE;32.00 kwh;N/A;N/A;N/A;N/A;;1.45/kwh;N/A;N/A;N/A;N/A;0.00;0.00;0.00;PAID;
2022-02-26T07:16:18+01:00;ms;CZ;Olomouc, Czech Republic;CHARGING : NO_CHARGE;48.00 kwh;N/A;N/A;N/A;N/A;;9.20/kwh;N/A;N/A;N/A;N/A;0.00;0.00;0.00;PAID;
2022-02-26T05:08:58+01:00;ms;AT;Poysdorf, Austria;CHARGING : NO_CHARGE;38.00 kwh;N/A;N/A;N/A;N/A;;0.36/kwh;N/A;N/A;N/A;N/A;0.00;0.00;0.00;PAID;
2022-02-26T03:49:27+01:00;ms;AT;Wiener Neustadt, Austria;CHARGING : NO_CHARGE;4.00 kwh;N/A;N/A;N/A;N/A;;0.36/kwh;N/A;N/A;N/A;N/A;0.00;0.00;0.00;PAID;
2022-02-26T02:22:12+01:00;ms;AT;Kapfenberg, Austria;CHARGING : NO_CHARGE;4.00 kwh;N/A;N/A;N/A;N/A;;0.36/kwh;N/A;N/A;N/A;N/A;0.00;0.00;0.00;PAID;
2022-02-25T20:35:54+01:00;ms;AT;Kapfenberg, Austria;CHARGING : NO_CHARGE;44.00 kwh;N/A;N/A;N/A;N/A;;0.36/kwh;N/A;N/A;N/A;N/A;0.00;0.00;0.00;PAID;
2022-02-25T17:12:56+01:00;ms;AT;Villach, Austria;CHARGING : NO_CHARGE;52.00 kwh;N/A;N/A;N/A;N/A;;0.36/kwh;N/A;N/A;N/A;N/A;0.00;0.00;0.00;PAID;
2022-02-25T14:37:05+01:00;ms;IT;Palmanova, Italy;CHARGING : NO_CHARGE;43.00 kwh;N/A;N/A;N/A;N/A;;0.44/kwh;N/A;N/A;N/A;N/A;0.00;0.00;0.00;PAID;
2022-02-25T13:26:30+01:00;ms;IT;Mogliano Veneto, Italy;CHARGING : NO_CHARGE;14.00 kwh;N/A;N/A;N/A;N/A;;0.44/kwh;N/A;N/A;N/A;N/A;0.00;0.00;0.00;PAID;
2022-02-25T11:42:47+01:00;ms;IT;Occhiobello, Italy;CHARGING : NO_CHARGE;40.00 kwh;N/A;N/A;N/A;N/A;;0.44/kwh;N/A;N/A;N/A;N/A;0.00;0.00;0.00;PAID;
2022-02-25T09:39:59+01:00;ms;IT;Firenze, Italy;CHARGING : NO_CHARGE;26.00 kwh;N/A;N/A;N/A;N/A;;0.44/kwh;N/A;N/A;N/A;N/A;0.00;0.00;0.00;PAID;
2022-02-24T16:23:10+01:00;ms;IT;Oristano, Italy;CHARGING : NO_CHARGE;46.00 kwh;N/A;N/A;N/A;N/A;;0.43/kwh;N/A;N/A;N/A;N/A;0.00;0.00;0.00;PAID;
2022-02-21T18:03:58+01:00;ms;IT;Oristano, Italy;CHARGING : NO_CHARGE;38.00 kwh;N/A;N/A;N/A;N/A;;0.43/kwh;N/A;N/A;N/A;N/A;0.00;0.00;0.00;PAID;
2022-02-17T12:53:25+01:00;ms;IT;Oristano, Italy;CHARGING : NO_CHARGE;44.00 kwh;N/A;N/A;N/A;N/A;;0.43/kwh;N/A;N/A;N/A;N/A;0.00;0.00;0.00;PAID;
2022-02-16T16:50:27+01:00;ms;IT;Forte dei Marmi, Italy;CHARGING : NO_CHARGE;44.00 kwh;N/A;N/A;N/A;N/A;;0.44/kwh;N/A;N/A;N/A;N/A;0.00;0.00;0.00;PAID;
2022-02-16T14:33:08+01:00;ms;IT;Firenze, Italy;CHARGING : NO_CHARGE;32.00 kwh;N/A;N/A;N/A;N/A;;0.44/kwh;N/A;N/A;N/A;N/A;0.00;0.00;0.00;PAID;
2022-02-16T12:23:42+01:00;ms;IT;Occhiobello, Italy;CHARGING : NO_CHARGE;38.00 kwh;N/A;N/A;N/A;N/A;;0.44/kwh;N/A;N/A;N/A;N/A;0.00;0.00;0.00;PAID;
2022-02-16T10:56:53+01:00;ms;IT;Mogliano Veneto, Italy;CHARGING : NO_CHARGE;32.00 kwh;N/A;N/A;N/A;N/A;;0.44/kwh;N/A;N/A;N/A;N/A;0.00;0.00;0.00;PAID;
2022-02-16T09:36:07+01:00;ms;IT;Palmanova, Italy;CHARGING : NO_CHARGE;28.00 kwh;N/A;N/A;N/A;N/A;;0.44/kwh;N/A;N/A;N/A;N/A;0.00;0.00;0.00;PAID;
2022-02-16T07:39:24+01:00;ms;AT;Villach, Austria;CHARGING : NO_CHARGE;32.00 kwh;N/A;N/A;N/A;N/A;;0.36/kwh;N/A;N/A;N/A;N/A;0.00;0.00;0.00;PAID;
2022-02-16T04:56:37+01:00;ms;AT;Kapfenberg, Austria;CHARGING : NO_CHARGE;5.00 kwh;N/A;N/A;N/A;N/A;;0.36/kwh;N/A;N/A;N/A;N/A;0.00;0.00;0.00;PAID;
2022-02-15T21:11:55+01:00;ms;AT;Kapfenberg, Austria;CHARGING : NO_CHARGE;47.00 kwh;N/A;N/A;N/A;N/A;;0.36/kwh;N/A;N/A;N/A;N/A;0.00;0.00;0.00;PAID;
2022-02-15T19:47:06+01:00;ms;AT;Wiener Neustadt, Austria;CHARGING : NO_CHARGE;24.00 kwh;N/A;N/A;N/A;N/A;;0.36/kwh;N/A;N/A;N/A;N/A;0.00;0.00;0.00;PAID;
2022-02-15T17:24:09+01:00;ms;AT;Poysdorf, Austria;CHARGING : NO_CHARGE;35.00 kwh;N/A;N/A;N/A;N/A;;0.36/kwh;N/A;N/A;N/A;N/A;0.00;0.00;0.00;PAID;
2022-02-15T15:07:25+01:00;ms;CZ;Olomouc, Czech Republic;CHARGING : NO_CHARGE;41.00 kwh;N/A;N/A;N/A;N/A;;9.20/kwh;N/A;N/A;N/A;N/A;0.00;0.00;0.00;PAID;
2022-02-15T13:04:47+01:00;ms;PL;Katowice, Poland;CHARGING : NO_CHARGE;19.00 kwh;N/A;N/A;N/A;N/A;;1.45/kwh;N/A;N/A;N/A;N/A;0.00;0.00;0.00;PAID;
2021-09-17T20:33:11+02:00;ms;PL;Radom, Poland;CHARGING : NO_CHARGE;31.00 kwh;N/A;N/A;N/A;N/A;;1.55/kwh;N/A;N/A;N/A;N/A;0.00;0.00;0.00;PAID;
2021-07-23T15:40:36+02:00;ms;IT;Oristano, Italy;CHARGING : NO_CHARGE;26.00 kwh;N/A;N/A;N/A;N/A;;0.41/kwh;N/A;N/A;N/A;N/A;0.00;0.00;0.00;PAID;
2021-07-19T17:24:04+02:00;ms;IT;Oristano, Italy;CHARGING : NO_CHARGE;28.00 kwh;N/A;N/A;N/A;N/A;;0.41/kwh;N/A;N/A;N/A;N/A;0.00;0.00;0.00;PAID;
2021-07-18T12:54:26+02:00;ms;IT;Oristano, Italy;CHARGING : NO_CHARGE;60.00 kwh;N/A;N/A;N/A;N/A;;0.41/kwh;N/A;N/A;N/A;N/A;0.00;0.00;0.00;PAID;
2021-07-17T13:07:22+02:00;ms;IT;Oristano, Italy;CHARGING : NO_CHARGE;31.00 kwh;N/A;N/A;N/A;N/A;;0.41/kwh;N/A;N/A;N/A;N/A;0.00;0.00;0.00;PAID;
2021-07-14T17:34:40+02:00;ms;IT;Oristano, Italy;CHARGING : NO_CHARGE;41.00 kwh;N/A;N/A;N/A;N/A;;0.41/kwh;N/A;N/A;N/A;N/A;0.00;0.00;0.00;PAID;
2021-07-13T11:53:03+02:00;ms;IT;Oristano, Italy;CHARGING : NO_CHARGE;51.00 kwh;N/A;N/A;N/A;N/A;;0.41/kwh;N/A;N/A;N/A;N/A;0.00;0.00;0.00;PAID;
2021-07-09T23:51:40+02:00;ms;IT;Oristano, Italy;CHARGING : NO_CHARGE;61.00 kwh;N/A;N/A;N/A;N/A;;0.41/kwh;N/A;N/A;N/A;N/A;0.00;0.00;0.00;PAID;
2021-07-09T09:22:21+02:00;ms;IT;Firenze, Italy;CHARGING : NO_CHARGE;45.00 kwh;N/A;N/A;N/A;N/A;;0.41/kwh;N/A;N/A;N/A;N/A;0.00;0.00;0.00;PAID;
2021-07-09T02:25:07+02:00;ms;IT;Occhiobello, Italy;CHARGING : NO_CHARGE;43.00 kwh;N/A;N/A;N/A;N/A;;0.41/kwh;N/A;N/A;N/A;N/A;0.00;0.00;0.00;PAID;
2021-07-08T23:21:59+02:00;ms;IT;Palmanova, Italy;CHARGING : NO_CHARGE;50.00 kwh;N/A;N/A;N/A;N/A;;0.41/kwh;N/A;N/A;N/A;N/A;0.00;0.00;0.00;PAID;
2021-07-08T20:49:10+02:00;ms;AT;Villach, Austria;CHARGING : NO_CHARGE;30.00 kwh;N/A;N/A;N/A;N/A;;0.33/kwh;N/A;N/A;N/A;N/A;0.00;0.00;0.00;PAID;
2021-07-08T18:04:13+02:00;ms;AT;Kapfenberg, Austria;CHARGING : NO_CHARGE;44.00 kwh;N/A;N/A;N/A;N/A;;0.33/kwh;N/A;N/A;N/A;N/A;0.00;0.00;0.00;PAID;
2021-07-08T16:52:57+02:00;ms;AT;Wiener Neustadt, Austria;CHARGING : NO_CHARGE;22.00 kwh;N/A;N/A;N/A;N/A;;0.33/kwh;N/A;N/A;N/A;N/A;0.00;0.00;0.00;PAID;
2021-07-08T14:05:12+02:00;ms;AT;Poysdorf, Austria;CHARGING : NO_CHARGE;35.00 kwh;N/A;N/A;N/A;N/A;;0.33/kwh;N/A;N/A;N/A;N/A;0.00;0.00;0.00;PAID;
2021-07-08T11:32:03+02:00;ms;CZ;Olomouc, Czech Republic;CHARGING : NO_CHARGE;29.00 kwh;N/A;N/A;N/A;N/A;;8.40/kwh;N/A;N/A;N/A;N/A;0.00;0.00;0.00;PAID;
2021-07-08T08:57:10+02:00;ms;PL;Katowice, Poland;CHARGING : NO_CHARGE;19.00 kwh;N/A;N/A;N/A;N/A;;1.40/kwh;N/A;N/A;N/A;N/A;0.00;0.00;0.00;PAID;
2021-07-02T18:42:34+02:00;ms;PL;Radom, Poland;CHARGING : NO_CHARGE;32.00 kwh;N/A;N/A;N/A;N/A;;1.40/kwh;N/A;N/A;N/A;N/A;0.00;0.00;0.00;PAID;
2021-07-02T07:25:40+02:00;ms;PL;Radom, Poland;CHARGING : NO_CHARGE;47.00 kwh;N/A;N/A;N/A;N/A;;1.40/kwh;N/A;N/A;N/A;N/A;0.00;0.00;0.00;PAID;
2021-07-01T08:41:40+02:00;ms;PL;Katowice, Poland;CHARGING : NO_CHARGE;31.00 kwh;N/A;N/A;N/A;N/A;;1.40/kwh;N/A;N/A;N/A;N/A;0.00;0.00;0.00;PAID;
2021-06-28T20:05:23+02:00;ms;AT;Kapfenberg, Austria;CHARGING : NO_CHARGE;43.00 kwh;N/A;N/A;N/A;N/A;;0.33/kwh;N/A;N/A;N/A;N/A;0.00;0.00;0.00;PAID;
2021-06-28T16:38:11+02:00;ms;AT;Poysdorf, Austria;CHARGING : NO_CHARGE;44.00 kwh;N/A;N/A;N/A;N/A;;0.33/kwh;N/A;N/A;N/A;N/A;0.00;0.00;0.00;PAID;
2021-06-28T13:57:17+02:00;ms;CZ;Olomouc, Czech Republic;CHARGING : NO_CHARGE;45.00 kwh;N/A;N/A;N/A;N/A;;8.40/kwh;N/A;N/A;N/A;N/A;0.00;0.00;0.00;PAID;
2021-06-28T10:50:02+02:00;ms;PL;Katowice, Poland;CHARGING : NO_CHARGE;34.00 kwh;N/A;N/A;N/A;N/A;;1.40/kwh;N/A;N/A;N/A;N/A;0.00;0.00;0.00;PAID;
2021-05-25T09:25:25+02:00;ms;PL;Katowice, Poland;CHARGING : NO_CHARGE;38.00 kwh;N/A;N/A;N/A;N/A;;1.40/kwh;N/A;N/A;N/A;N/A;0.00;0.00;0.00;PAID;
2021-03-12T17:57:44+01:00;ms;PL;Katowice, Poland;CHARGING : NO_CHARGE;19.00 kwh;N/A;N/A;N/A;N/A;;1.30/kwh;N/A;N/A;N/A;N/A;0.00;0.00;0.00;PAID;
2021-02-25T15:21:13+01:00;ms;PL;Katowice, Poland;CHARGING : NO_CHARGE;17.00 kwh;N/A;N/A;N/A;N/A;;1.30/kwh;N/A;N/A;N/A;N/A;0.00;0.00;0.00;PAID;
2021-02-25T12:13:05+01:00;ms;PL;Katowice, Poland;CHARGING : NO_CHARGE;14.00 kwh;N/A;N/A;N/A;N/A;;1.30/kwh;N/A;N/A;N/A;N/A;0.00;0.00;0.00;PAID;
2020-12-20T01:45:23+01:00;ms;PL;Katowice, Poland;CHARGING : NO_CHARGE;31.00 kwh;N/A;N/A;N/A;N/A;;1.40/kwh;N/A;N/A;N/A;N/A;0.00;0.00;0.00;PAID;
2020-12-19T22:42:12+01:00;ms;PL;Kostomłoty, Poland;CHARGING : NO_CHARGE;4.00 kwh;N/A;N/A;N/A;N/A;;1.40/kwh;N/A;N/A;N/A;N/A;0.00;0.00;0.00;PAID;
2020-12-19T21:44:19+01:00;ms;PL;Kostomłoty, Poland;CHARGING : NO_CHARGE;50.00 kwh;N/A;N/A;N/A;N/A;;1.40/kwh;N/A;N/A;N/A;N/A;0.00;0.00;0.00;PAID;
2020-12-19T15:25:54+01:00;ms;PL;Kostomłoty, Poland;CHARGING : NO_CHARGE;61.00 kwh;N/A;N/A;N/A;N/A;;1.40/kwh;N/A;N/A;N/A;N/A;0.00;0.00;0.00;PAID;
2020-12-19T12:23:46+01:00;ms;PL;Katowice, Poland;CHARGING : NO_CHARGE;26.00 kwh;N/A;N/A;N/A;N/A;;1.40/kwh;N/A;N/A;N/A;N/A;0.00;0.00;0.00;PAID;
2020-11-23T14:18:24+01:00;ms;PL;Katowice, Poland;CHARGING : NO_CHARGE;22.00 kwh;N/A;N/A;N/A;N/A;;1.40/kwh;N/A;N/A;N/A;N/A;0.00;0.00;0.00;PAID;
2020-11-10T17:19:08+01:00;ms;PL;Katowice, Poland;CHARGING : NO_CHARGE;47.00 kwh;N/A;N/A;N/A;N/A;;1.40/kwh;N/A;N/A;N/A;N/A;0.00;0.00;0.00;PAID;
2020-11-10T09:15:23+01:00;ms;PL;Poznan, Poland;CHARGING : NO_CHARGE;58.00 kwh;N/A;N/A;N/A;N/A;;1.40/kwh;N/A;N/A;N/A;N/A;0.00;0.00;0.00;PAID;
2020-11-10T06:00:35+01:00;ms;PL;Kostomłoty, Poland;CHARGING : NO_CHARGE;59.00 kwh;N/A;N/A;N/A;N/A;;1.40/kwh;N/A;N/A;N/A;N/A;0.00;0.00;0.00;PAID;
2020-11-10T02:27:42+01:00;ms;PL;Katowice, Poland;CHARGING : NO_CHARGE;43.00 kwh;N/A;N/A;N/A;N/A;;1.40/kwh;N/A;N/A;N/A;N/A;0.00;0.00;0.00;PAID;
2020-10-12T12:45:18+02:00;ms;PL;Katowice, Poland;CHARGING : NO_CHARGE;26.00 kwh;N/A;N/A;N/A;N/A;;1.29/kwh;N/A;N/A;N/A;N/A;0.00;0.00;0.00;PAID;
2020-09-30T17:35:08+02:00;ms;PL;Katowice, Poland;CHARGING : NO_CHARGE;41.00 kwh;N/A;N/A;N/A;N/A;;1.29/kwh;N/A;N/A;N/A;N/A;0.00;0.00;0.00;PAID;
2020-09-30T12:35:01+02:00;ms;PL;Katowice, Poland;CHARGING : NO_CHARGE;20.00 kwh;N/A;N/A;N/A;N/A;;1.29/kwh;N/A;N/A;N/A;N/A;0.00;0.00;0.00;PAID;
2020-09-26T12:46:17+02:00;ms;PL;Katowice, Poland;CHARGING : NO_CHARGE;46.00 kwh;N/A;N/A;N/A;N/A;;1.29/kwh;N/A;N/A;N/A;N/A;0.00;0.00;0.00;PAID;
2020-09-26T10:30:03+02:00;ms;CZ;Olomouc, Czech Republic;CHARGING : NO_CHARGE;43.00 kwh;N/A;N/A;N/A;N/A;;6.08/kwh;N/A;N/A;N/A;N/A;0.00;0.00;0.00;PAID;
2020-09-26T08:23:21+02:00;ms;AT;Poysdorf, Austria;CHARGING : NO_CHARGE;39.00 kwh;N/A;N/A;N/A;N/A;;0.27/kwh;N/A;N/A;N/A;N/A;0.00;0.00;0.00;PAID;
2020-09-25T23:18:33+02:00;ms;AT;Kapfenberg, Austria;CHARGING : NO_CHARGE;49.00 kwh;N/A;N/A;N/A;N/A;;0.27/kwh;N/A;N/A;N/A;N/A;0.00;0.00;0.00;PAID;
2020-09-25T19:22:13+02:00;ms;AT;Villach, Austria;CHARGING : NO_CHARGE;49.00 kwh;N/A;N/A;N/A;N/A;;0.28/kwh;N/A;N/A;N/A;N/A;0.00;0.00;0.00;PAID;
2020-09-25T15:48:32+02:00;ms;IT;Mogliano Veneto, Italy;PARKING : FREE_SITE;N/A;N/A;N/A;N/A;N/A;;N/A;N/A;N/A;N/A;N/A;0.00;0.00;0.00;PAID;
2020-09-25T15:48:32+02:00;ms;IT;Mogliano Veneto, Italy;CHARGING : NO_CHARGE;N/A;N/A;N/A;N/A;N/A;;N/A;N/A;N/A;N/A;N/A;0.00;0.00;0.00;PAID;
2020-09-25T14:32:50+02:00;ms;IT;Vicenza, Italy;CHARGING : NO_CHARGE;N/A;N/A;N/A;N/A;N/A;;N/A;N/A;N/A;N/A;N/A;0.00;0.00;0.00;PAID;
2020-09-25T14:32:50+02:00;ms;IT;Vicenza, Italy;PARKING : FREE_SITE;N/A;N/A;N/A;N/A;N/A;;N/A;N/A;N/A;N/A;N/A;0.00;0.00;0.00;PAID;
2020-09-25T11:25:28+02:00;ms;IT;Mogliano Veneto, Italy;CHARGING : NO_CHARGE;N/A;N/A;N/A;N/A;N/A;;N/A;N/A;N/A;N/A;N/A;0.00;0.00;0.00;PAID;
2020-09-25T11:25:28+02:00;ms;IT;Mogliano Veneto, Italy;PARKING : FREE_SITE;N/A;N/A;N/A;N/A;N/A;;N/A;N/A;N/A;N/A;N/A;0.00;0.00;0.00;PAID;
2020-09-25T10:11:26+02:00;ms;IT;Palmanova, Italy;CHARGING : NO_CHARGE;N/A;N/A;N/A;N/A;N/A;;N/A;N/A;N/A;N/A;N/A;0.00;0.00;0.00;PAID;
2020-09-25T10:11:26+02:00;ms;IT;Palmanova, Italy;PARKING : FREE_SITE;N/A;N/A;N/A;N/A;N/A;;N/A;N/A;N/A;N/A;N/A;0.00;0.00;0.00;PAID;
2020-09-25T08:20:40+02:00;ms;AT;Villach, Austria;CHARGING : NO_CHARGE;29.00 kwh;N/A;N/A;N/A;N/A;;0.28/kwh;N/A;N/A;N/A;N/A;0.00;0.00;0.00;PAID;
2020-09-25T05:28:10+02:00;ms;AT;Kapfenberg, Austria;CHARGING : NO_CHARGE;34.00 kwh;N/A;N/A;N/A;N/A;;0.27/kwh;N/A;N/A;N/A;N/A;0.00;0.00;0.00;PAID;
2020-09-25T04:01:34+02:00;ms;AT;Wiener Neustadt, Austria;CHARGING : NO_CHARGE;38.00 kwh;N/A;N/A;N/A;N/A;;0.28/kwh;N/A;N/A;N/A;N/A;0.00;0.00;0.00;PAID;
2020-09-25T02:25:28+02:00;ms;AT;Poysdorf, Austria;CHARGING : NO_CHARGE;25.00 kwh;N/A;N/A;N/A;N/A;;0.27/kwh;N/A;N/A;N/A;N/A;0.00;0.00;0.00;PAID;
2020-09-25T01:26:26+02:00;ms;CZ;Brno, Czech Republic;CHARGING : NO_CHARGE;19.00 kwh;N/A;N/A;N/A;N/A;;6.31/kwh;N/A;N/A;N/A;N/A;0.00;0.00;0.00;PAID;
2020-09-25T00:26:18+02:00;ms;CZ;Olomouc, Czech Republic;CHARGING : NO_CHARGE;24.00 kwh;N/A;N/A;N/A;N/A;;6.08/kwh;N/A;N/A;N/A;N/A;0.00;0.00;0.00;PAID;
2020-09-24T22:27:32+02:00;ms;PL;Katowice, Poland;CHARGING : NO_CHARGE;26.00 kwh;N/A;N/A;N/A;N/A;;1.29/kwh;N/A;N/A;N/A;N/A;0.00;0.00;0.00;PAID;
2020-09-22T16:31:47+02:00;ms;PL;Katowice, Poland;CHARGING : NO_CHARGE;20.00 kwh;N/A;N/A;N/A;N/A;;1.29/kwh;N/A;N/A;N/A;N/A;0.00;0.00;0.00;PAID;
2020-07-27T13:34:57+02:00;ms;PL;Katowice, Poland;CHARGING : NO_CHARGE;15.00 kwh;N/A;N/A;N/A;N/A;;1.29/kwh;N/A;N/A;N/A;N/A;0.00;0.00;0.00;PAID;
2020-07-23T14:17:56+02:00;ms;PL;Katowice, Poland;CHARGING : NO_CHARGE;15.00 kwh;N/A;N/A;N/A;N/A;;1.29/kwh;N/A;N/A;N/A;N/A;0.00;0.00;0.00;PAID;
2020-07-23T09:54:03+02:00;ms;PL;Katowice, Poland;CHARGING : NO_CHARGE;26.00 kwh;N/A;N/A;N/A;N/A;;1.29/kwh;N/A;N/A;N/A;N/A;0.00;0.00;0.00;PAID;
2020-07-14T09:42:38+02:00;ms;PL;Katowice, Poland;CHARGING : NO_CHARGE;21.00 kwh;N/A;N/A;N/A;N/A;;1.29/kwh;N/A;N/A;N/A;N/A;0.00;0.00;0.00;PAID;
2020-07-14T07:18:58+02:00;ms;CZ;Olomouc, Czech Republic;CHARGING : NO_CHARGE;34.00 kwh;N/A;N/A;N/A;N/A;;6.08/kwh;N/A;N/A;N/A;N/A;0.00;0.00;0.00;PAID;
2020-07-14T04:48:21+02:00;ms;AT;Poysdorf, Austria;CHARGING : NO_CHARGE;45.00 kwh;N/A;N/A;N/A;N/A;;0.27/kwh;N/A;N/A;N/A;N/A;0.00;0.00;0.00;PAID;
2020-07-13T23:36:37+02:00;ms;AT;Kapfenberg, Austria;CHARGING : NO_CHARGE;51.00 kwh;N/A;N/A;N/A;N/A;;0.27/kwh;N/A;N/A;N/A;N/A;0.00;0.00;0.00;PAID;
2020-07-13T20:31:54+02:00;ms;AT;Villach, Austria;CHARGING : NO_CHARGE;46.00 kwh;N/A;N/A;N/A;N/A;;0.28/kwh;N/A;N/A;N/A;N/A;0.00;0.00;0.00;PAID;
2020-07-13T18:16:54+02:00;ms;IT;Palmanova, Italy;PARKING : FREE_SITE;N/A;N/A;N/A;N/A;N/A;;N/A;N/A;N/A;N/A;N/A;0.00;0.00;0.00;PAID;
2020-07-13T18:16:54+02:00;ms;IT;Palmanova, Italy;CHARGING : NO_CHARGE;N/A;N/A;N/A;N/A;N/A;;N/A;N/A;N/A;N/A;N/A;0.00;0.00;0.00;PAID;
2020-07-13T16:40:55+02:00;ms;IT;Mogliano Veneto, Italy;CHARGING : NO_CHARGE;N/A;N/A;N/A;N/A;N/A;;N/A;N/A;N/A;N/A;N/A;0.00;0.00;0.00;PAID;
2020-07-13T16:40:55+02:00;ms;IT;Mogliano Veneto, Italy;PARKING : FREE_SITE;N/A;N/A;N/A;N/A;N/A;;N/A;N/A;N/A;N/A;N/A;0.00;0.00;0.00;PAID;
2020-07-13T15:01:54+02:00;ms;IT;Occhiobello, Italy;PARKING : FREE_SITE;N/A;N/A;N/A;N/A;N/A;;N/A;N/A;N/A;N/A;N/A;0.00;0.00;0.00;PAID;
2020-07-13T15:01:54+02:00;ms;IT;Occhiobello, Italy;CHARGING : NO_CHARGE;N/A;N/A;N/A;N/A;N/A;;N/A;N/A;N/A;N/A;N/A;0.00;0.00;0.00;PAID;
2020-07-13T09:38:11+02:00;ms;IT;Firenze, Italy;PARKING : FREE_SITE;N/A;N/A;N/A;N/A;N/A;;N/A;N/A;N/A;N/A;N/A;0.00;0.00;0.00;PAID;
2020-07-13T09:38:11+02:00;ms;IT;Firenze, Italy;CHARGING : NO_CHARGE;N/A;N/A;N/A;N/A;N/A;;N/A;N/A;N/A;N/A;N/A;0.00;0.00;0.00;PAID;
2020-07-13T08:10:59+02:00;ms;IT;Forte dei Marmi, Italy;PARKING : FREE_SITE;N/A;N/A;N/A;N/A;N/A;;N/A;N/A;N/A;N/A;N/A;0.00;0.00;0.00;PAID;
2020-07-13T08:10:59+02:00;ms;IT;Forte dei Marmi, Italy;CHARGING : NO_CHARGE;N/A;N/A;N/A;N/A;N/A;;N/A;N/A;N/A;N/A;N/A;0.00;0.00;0.00;PAID;
2020-07-04T19:47:00+02:00;ms;IT;Firenze, Italy;PARKING : FREE_SITE;N/A;N/A;N/A;N/A;N/A;;N/A;N/A;N/A;N/A;N/A;0.00;0.00;0.00;PAID;
2020-07-04T19:47:00+02:00;ms;IT;Firenze, Italy;CHARGING : NO_CHARGE;N/A;N/A;N/A;N/A;N/A;;N/A;N/A;N/A;N/A;N/A;0.00;0.00;0.00;PAID;
2020-07-04T18:00:08+02:00;ms;IT;Occhiobello, Italy;CHARGING : NO_CHARGE;N/A;N/A;N/A;N/A;N/A;;N/A;N/A;N/A;N/A;N/A;0.00;0.00;0.00;PAID;
2020-07-04T18:00:08+02:00;ms;IT;Occhiobello, Italy;PARKING : FREE_SITE;N/A;N/A;N/A;N/A;N/A;;N/A;N/A;N/A;N/A;N/A;0.00;0.00;0.00;PAID;
2020-07-04T15:51:46+02:00;ms;IT;Vicenza, Italy;CHARGING : NO_CHARGE;N/A;N/A;N/A;N/A;N/A;;N/A;N/A;N/A;N/A;N/A;0.00;0.00;0.00;PAID;
2020-07-04T15:51:46+02:00;ms;IT;Vicenza, Italy;PARKING : FREE_SITE;N/A;N/A;N/A;N/A;N/A;;N/A;N/A;N/A;N/A;N/A;0.00;0.00;0.00;PAID;
2020-07-04T14:35:52+02:00;ms;IT;Occhiobello, Italy;PARKING : FREE_SITE;N/A;N/A;N/A;N/A;N/A;;N/A;N/A;N/A;N/A;N/A;0.00;0.00;0.00;PAID;
2020-07-04T14:35:52+02:00;ms;IT;Occhiobello, Italy;CHARGING : NO_CHARGE;N/A;N/A;N/A;N/A;N/A;;N/A;N/A;N/A;N/A;N/A;0.00;0.00;0.00;PAID;
2020-07-04T12:53:06+02:00;ms;IT;Firenze, Italy;CHARGING : NO_CHARGE;N/A;N/A;N/A;N/A;N/A;;N/A;N/A;N/A;N/A;N/A;0.00;0.00;0.00;PAID;
2020-07-04T12:53:06+02:00;ms;IT;Firenze, Italy;PARKING : FREE_SITE;N/A;N/A;N/A;N/A;N/A;;N/A;N/A;N/A;N/A;N/A;0.00;0.00;0.00;PAID;
2020-07-04T11:36:56+02:00;ms;IT;Forte dei Marmi, Italy;CHARGING : NO_CHARGE;N/A;N/A;N/A;N/A;N/A;;N/A;N/A;N/A;N/A;N/A;0.00;0.00;0.00;PAID;
2020-07-04T11:36:56+02:00;ms;IT;Forte dei Marmi, Italy;PARKING : FREE_SITE;N/A;N/A;N/A;N/A;N/A;;N/A;N/A;N/A;N/A;N/A;0.00;0.00;0.00;PAID;
2020-06-18T16:22:14+02:00;ms;IT;Firenze, Italy;CHARGING : NO_CHARGE;N/A;N/A;N/A;N/A;N/A;;N/A;N/A;N/A;N/A;N/A;0.00;0.00;0.00;PAID;
2020-06-18T16:22:14+02:00;ms;IT;Firenze, Italy;PARKING : FREE_SITE;N/A;N/A;N/A;N/A;N/A;;N/A;N/A;N/A;N/A;N/A;0.00;0.00;0.00;PAID;
2020-06-18T12:52:20+02:00;ms;IT;Occhiobello, Italy;CHARGING : NO_CHARGE;N/A;N/A;N/A;N/A;N/A;;N/A;N/A;N/A;N/A;N/A;0.00;0.00;0.00;PAID;
2020-06-18T12:52:20+02:00;ms;IT;Occhiobello, Italy;PARKING : FREE_SITE;N/A;N/A;N/A;N/A;N/A;;N/A;N/A;N/A;N/A;N/A;0.00;0.00;0.00;PAID;
2020-06-18T10:02:29+02:00;ms;IT;Mogliano Veneto, Italy;CHARGING : NO_CHARGE;N/A;N/A;N/A;N/A;N/A;;N/A;N/A;N/A;N/A;N/A;0.00;0.00;0.00;PAID;
2020-06-18T10:02:29+02:00;ms;IT;Mogliano Veneto, Italy;PARKING : FREE_SITE;N/A;N/A;N/A;N/A;N/A;;N/A;N/A;N/A;N/A;N/A;0.00;0.00;0.00;PAID;
2020-06-18T06:48:56+02:00;ms;AT;Villach, Austria;CHARGING : NO_CHARGE;45.00 kwh;N/A;N/A;N/A;N/A;;0.28/kwh;N/A;N/A;N/A;N/A;0.00;0.00;0.00;PAID;
2020-06-17T20:19:23+02:00;ms;AT;Kapfenberg, Austria;CHARGING : NO_CHARGE;40.00 kwh;N/A;N/A;N/A;N/A;;0.27/kwh;N/A;N/A;N/A;N/A;0.00;0.00;0.00;PAID;
2020-06-17T19:04:40+02:00;ms;AT;Wiener Neustadt, Austria;CHARGING : NO_CHARGE;20.00 kwh;N/A;N/A;N/A;N/A;;0.28/kwh;N/A;N/A;N/A;N/A;0.00;0.00;0.00;PAID;
2020-06-17T16:44:17+02:00;ms;AT;Poysdorf, Austria;CHARGING : NO_CHARGE;30.00 kwh;N/A;N/A;N/A;N/A;;0.27/kwh;N/A;N/A;N/A;N/A;0.00;0.00;0.00;PAID;
2020-06-17T15:34:42+02:00;ms;CZ;Brno, Czech Republic;CHARGING : NO_CHARGE;13.00 kwh;N/A;N/A;N/A;N/A;;6.31/kwh;N/A;N/A;N/A;N/A;0.00;0.00;0.00;PAID;
2020-06-17T15:27:54+02:00;ms;CZ;Brno, Czech Republic;CHARGING : NO_CHARGE;5.00 kwh;N/A;N/A;N/A;N/A;;6.31/kwh;N/A;N/A;N/A;N/A;0.00;0.00;0.00;PAID;
2020-06-17T14:05:30+02:00;ms;CZ;Olomouc, Czech Republic;CHARGING : NO_CHARGE;36.00 kwh;N/A;N/A;N/A;N/A;;6.08/kwh;N/A;N/A;N/A;N/A;0.00;0.00;0.00;PAID;
2020-06-17T10:17:34+02:00;ms;PL;Katowice, Poland;CHARGING : NO_CHARGE;23.00 kwh;N/A;N/A;N/A;N/A;;1.29/kwh;N/A;N/A;N/A;N/A;0.00;0.00;0.00;PAID;
2020-05-18T14:15:40+02:00;ms;PL;Katowice, Poland;CHARGING : NO_CHARGE;25.00 kwh;N/A;N/A;N/A;N/A;;1.29/kwh;N/A;N/A;N/A;N/A;0.00;0.00;0.00;PAID;
2020-05-18T10:37:03+02:00;ms;PL;Katowice, Poland;CHARGING : NO_CHARGE;18.00 kwh;N/A;N/A;N/A;N/A;;1.29/kwh;N/A;N/A;N/A;N/A;0.00;0.00;0.00;PAID;
2020-04-05T21:02:26+02:00;ms;PL;Katowice, Poland;CHARGING : NO_CHARGE;37.00 kwh;N/A;N/A;N/A;N/A;;1.29/kwh;N/A;N/A;N/A;N/A;0.00;0.00;0.00;PAID;
2020-04-05T18:03:24+02:00;ms;PL;Kostomłoty, Poland;CHARGING : NO_CHARGE;50.00 kwh;N/A;N/A;N/A;N/A;;1.21/kwh;N/A;N/A;N/A;N/A;0.00;0.00;0.00;PAID;
2020-04-05T15:26:51+02:00;ms;PL;Kostomłoty, Poland;CHARGING : NO_CHARGE;47.00 kwh;N/A;N/A;N/A;N/A;;1.21/kwh;N/A;N/A;N/A;N/A;0.00;0.00;0.00;PAID;
2020-04-05T12:56:51+02:00;ms;PL;Katowice, Poland;CHARGING : NO_CHARGE;28.00 kwh;N/A;N/A;N/A;N/A;;1.29/kwh;N/A;N/A;N/A;N/A;0.00;0.00;0.00;PAID;
2020-03-09T19:32:38+01:00;ms;PL;Katowice, Poland;CHARGING : NO_CHARGE;34.00 kwh;N/A;N/A;N/A;N/A;;1.29/kwh;N/A;N/A;N/A;N/A;0.00;0.00;0.00;PAID;
2020-03-07T16:32:30+01:00;ms;PL;Katowice, Poland;CHARGING : NO_CHARGE;36.00 kwh;N/A;N/A;N/A;N/A;;1.29/kwh;N/A;N/A;N/A;N/A;0.00;0.00;0.00;PAID;
2019-12-03T16:53:37+01:00;ms;PL;Katowice, Poland;CHARGING : NO_CHARGE;35.00 kwh;N/A;N/A;N/A;N/A;;1.29/kwh;N/A;N/A;N/A;N/A;0.00;0.00;0.00;PAID;
2019-12-02T06:24:13+01:00;ms;PL;Katowice, Poland;CHARGING : NO_CHARGE;15.00 kwh;N/A;N/A;N/A;N/A;;1.29/kwh;N/A;N/A;N/A;N/A;0.00;0.00;0.00;PAID;
2019-12-02T05:43:27+01:00;ms;PL;Katowice, Poland;CHARGING : NO_CHARGE;41.00 kwh;N/A;N/A;N/A;N/A;;1.29/kwh;N/A;N/A;N/A;N/A;0.00;0.00;0.00;PAID;
2019-11-18T14:12:10+01:00;ms;PL;Katowice, Poland;CHARGING : NO_CHARGE;43.00 kwh;N/A;N/A;N/A;N/A;;1.29/kwh;N/A;N/A;N/A;N/A;0.00;0.00;0.00;PAID;
2019-11-18T10:17:09+01:00;ms;PL;Katowice, Poland;CHARGING : NO_CHARGE;10.00 kwh;N/A;N/A;N/A;N/A;;1.29/kwh;N/A;N/A;N/A;N/A;0.00;0.00;0.00;PAID;
2019-10-31T16:42:21+01:00;ms;PL;Katowice, Poland;CHARGING : NO_CHARGE;32.00 kwh;N/A;N/A;N/A;N/A;;1.29/kwh;N/A;N/A;N/A;N/A;0.00;0.00;0.00;PAID;
2019-10-31T11:41:20+01:00;ms;PL;Katowice, Poland;CHARGING : NO_CHARGE;12.00 kwh;N/A;N/A;N/A;N/A;;1.29/kwh;N/A;N/A;N/A;N/A;0.00;0.00;0.00;PAID;
2019-09-30T04:46:30+02:00;ms;PL;Katowice, Poland;CHARGING : NO_CHARGE;33.00 kwh;N/A;N/A;N/A;N/A;;1.29/kwh;N/A;N/A;N/A;N/A;0.00;0.00;0.00;PAID;
2019-09-30T02:22:45+02:00;ms;CZ;Olomouc, Czech Republic;CHARGING : NO_CHARGE;40.00 kwh;N/A;N/A;N/A;N/A;;6.08/kwh;N/A;N/A;N/A;N/A;0.00;0.00;0.00;PAID;
2019-09-30T00:08:21+02:00;ms;AT;Poysdorf, Austria;CHARGING : NO_CHARGE;36.00 kwh;N/A;N/A;N/A;N/A;;0.27/kwh;N/A;N/A;N/A;N/A;0.00;0.00;0.00;PAID;
2019-09-29T21:26:46+02:00;ms;AT;Kapfenberg, Austria;CHARGING : NO_CHARGE;46.00 kwh;N/A;N/A;N/A;N/A;;0.27/kwh;N/A;N/A;N/A;N/A;0.00;0.00;0.00;PAID;
2019-09-29T18:53:59+02:00;ms;AT;Villach, Austria;CHARGING : NO_CHARGE;10.00 kwh;N/A;N/A;N/A;N/A;;0.28/kwh;N/A;N/A;N/A;N/A;0.00;0.00;0.00;PAID;
2019-09-29T18:17:01+02:00;ms;AT;Villach, Austria;CHARGING : NO_CHARGE;40.00 kwh;N/A;N/A;N/A;N/A;;0.28/kwh;N/A;N/A;N/A;N/A;0.00;0.00;0.00;PAID;
2019-09-29T13:37:34+02:00;ms;IT;Mogliano Veneto, Italy;CHARGING : NO_CHARGE;N/A;N/A;N/A;N/A;N/A;;N/A;N/A;N/A;N/A;N/A;0.00;0.00;0.00;PAID;
2019-09-29T13:37:34+02:00;ms;IT;Mogliano Veneto, Italy;PARKING : FREE_SITE;N/A;N/A;N/A;N/A;N/A;;N/A;N/A;N/A;N/A;N/A;0.00;0.00;0.00;PAID;
2019-09-29T11:28:54+02:00;ms;IT;Occhiobello, Italy;CHARGING : NO_CHARGE;N/A;N/A;N/A;N/A;N/A;;N/A;N/A;N/A;N/A;N/A;0.00;0.00;0.00;PAID;
2019-09-29T11:28:54+02:00;ms;IT;Occhiobello, Italy;PARKING : FREE_SITE;N/A;N/A;N/A;N/A;N/A;;N/A;N/A;N/A;N/A;N/A;0.00;0.00;0.00;PAID;
2019-09-29T08:19:16+02:00;ms;IT;Firenze, Italy;CHARGING : NO_CHARGE;N/A;N/A;N/A;N/A;N/A;;N/A;N/A;N/A;N/A;N/A;0.00;0.00;0.00;PAID;
2019-09-29T08:19:16+02:00;ms;IT;Firenze, Italy;PARKING : FREE_SITE;N/A;N/A;N/A;N/A;N/A;;N/A;N/A;N/A;N/A;N/A;0.00;0.00;0.00;PAID;
2019-09-22T20:57:34+02:00;ms;IT;Firenze, Italy;CHARGING : NO_CHARGE;N/A;N/A;N/A;N/A;N/A;;N/A;N/A;N/A;N/A;N/A;0.00;0.00;0.00;PAID;
2019-09-22T20:57:34+02:00;ms;IT;Firenze, Italy;PARKING : FREE_SITE;N/A;N/A;N/A;N/A;N/A;;N/A;N/A;N/A;N/A;N/A;0.00;0.00;0.00;PAID;
2019-09-22T19:01:49+02:00;ms;IT;Occhiobello, Italy;CHARGING : NO_CHARGE;N/A;N/A;N/A;N/A;N/A;;N/A;N/A;N/A;N/A;N/A;0.00;0.00;0.00;PAID;
2019-09-22T19:01:49+02:00;ms;IT;Occhiobello, Italy;PARKING : FREE_SITE;N/A;N/A;N/A;N/A;N/A;;N/A;N/A;N/A;N/A;N/A;0.00;0.00;0.00;PAID;
2019-09-22T17:30:43+02:00;ms;IT;Mogliano Veneto, Italy;CHARGING : NO_CHARGE;N/A;N/A;N/A;N/A;N/A;;N/A;N/A;N/A;N/A;N/A;0.00;0.00;0.00;PAID;
2019-09-22T17:30:43+02:00;ms;IT;Mogliano Veneto, Italy;PARKING : FREE_SITE;N/A;N/A;N/A;N/A;N/A;;N/A;N/A;N/A;N/A;N/A;0.00;0.00;0.00;PAID;
2019-09-22T13:15:42+02:00;ms;AT;Villach, Austria;CHARGING : NO_CHARGE;52.00 kwh;N/A;N/A;N/A;N/A;;0.28/kwh;N/A;N/A;N/A;N/A;0.00;0.00;0.00;PAID;
2019-09-22T10:04:23+02:00;ms;AT;Kapfenberg, Austria;CHARGING : NO_CHARGE;54.00 kwh;N/A;N/A;N/A;N/A;;0.27/kwh;N/A;N/A;N/A;N/A;0.00;0.00;0.00;PAID;
2019-09-22T06:38:06+02:00;ms;AT;Poysdorf, Austria;CHARGING : NO_CHARGE;58.00 kwh;N/A;N/A;N/A;N/A;;0.27/kwh;N/A;N/A;N/A;N/A;0.00;0.00;0.00;PAID;
2019-09-22T04:30:22+02:00;ms;CZ;Olomouc, Czech Republic;CHARGING : NO_CHARGE;41.00 kwh;N/A;N/A;N/A;N/A;;6.08/kwh;N/A;N/A;N/A;N/A;0.00;0.00;0.00;PAID;
2019-09-22T02:22:03+02:00;ms;PL;Katowice, Poland;CHARGING : NO_CHARGE;12.00 kwh;N/A;N/A;N/A;N/A;;1.29/kwh;N/A;N/A;N/A;N/A;0.00;0.00;0.00;PAID;
2019-09-19T13:34:58+02:00;ms;PL;Katowice, Poland;CHARGING : NO_CHARGE;23.00 kwh;N/A;N/A;N/A;N/A;;1.29/kwh;N/A;N/A;N/A;N/A;0.00;0.00;0.00;PAID;
2019-08-24T19:41:33+02:00;ms;SK;Zvolen, Slovakia;CHARGING : NO_CHARGE;40.00 kwh;N/A;N/A;N/A;N/A;;0.24/kwh;N/A;N/A;N/A;N/A;0.00;0.00;0.00;PAID;
2019-08-23T23:08:34+02:00;ms;HU;Györ, Hungary;CHARGING : NO_CHARGE;N/A;N/A;N/A;N/A;N/A;;N/A;N/A;N/A;N/A;N/A;0.00;0.00;0.00;PAID;
2019-08-23T23:08:34+02:00;ms;HU;Györ, Hungary;PARKING : FREE_SITE;N/A;N/A;N/A;N/A;N/A;;N/A;N/A;N/A;N/A;N/A;0.00;0.00;0.00;PAID;
2019-08-23T20:12:01+02:00;ms;HU;Sormas, Hungary;CHARGING : NO_CHARGE;N/A;N/A;N/A;N/A;N/A;;N/A;N/A;N/A;N/A;N/A;0.00;0.00;0.00;PAID;
2019-08-23T20:12:01+02:00;ms;HU;Sormas, Hungary;PARKING : FREE_SITE;N/A;N/A;N/A;N/A;N/A;;N/A;N/A;N/A;N/A;N/A;0.00;0.00;0.00;PAID;
2019-08-23T17:47:01+02:00;ms;HR;Zagreb, Croatia;CHARGING : NO_CHARGE;51.00 kwh;N/A;N/A;N/A;N/A;;1.67/kwh;N/A;N/A;N/A;N/A;0.00;0.00;0.00;PAID;
2019-08-23T15:06:11+02:00;ms;HR;Otocac, Croatia;CHARGING : NO_CHARGE;8.00 kwh;N/A;N/A;N/A;N/A;;1.72/kwh;N/A;N/A;N/A;N/A;0.00;0.00;0.00;PAID;
2019-08-23T14:40:27+02:00;ms;HR;Otocac, Croatia;CHARGING : NO_CHARGE;32.00 kwh;N/A;N/A;N/A;N/A;;1.72/kwh;N/A;N/A;N/A;N/A;0.00;0.00;0.00;PAID;
2019-08-23T12:33:05+02:00;ms;HR;Zadar, Croatia;CHARGING : NO_CHARGE;31.00 kwh;N/A;N/A;N/A;N/A;;1.71/kwh;N/A;N/A;N/A;N/A;0.00;0.00;0.00;PAID;
2019-08-23T10:49:51+02:00;ms;HR;Split, Croatia - Dugopolje;CHARGING : NO_CHARGE;36.00 kwh;N/A;N/A;N/A;N/A;;1.69/kwh;N/A;N/A;N/A;N/A;0.00;0.00;0.00;PAID;
2019-08-23T01:43:30+02:00;ms;HR;Split, Croatia - Dugopolje;CHARGING : NO_CHARGE;15.00 kwh;N/A;N/A;N/A;N/A;;1.69/kwh;N/A;N/A;N/A;N/A;0.00;0.00;0.00;PAID;
2019-08-23T00:35:15+02:00;ms;HR;Vrgorac, Croatia;CHARGING : NO_CHARGE;21.00 kwh;N/A;N/A;N/A;N/A;;1.66/kwh;N/A;N/A;N/A;N/A;0.00;0.00;0.00;PAID;
2019-08-22T11:41:35+02:00;ms;HR;Vrgorac, Croatia;CHARGING : NO_CHARGE;48.00 kwh;N/A;N/A;N/A;N/A;;1.66/kwh;N/A;N/A;N/A;N/A;0.00;0.00;0.00;PAID;
2019-08-22T10:20:43+02:00;ms;HR;Split, Croatia - Dugopolje;CHARGING : NO_CHARGE;27.00 kwh;N/A;N/A;N/A;N/A;;1.69/kwh;N/A;N/A;N/A;N/A;0.00;0.00;0.00;PAID;
2019-08-21T12:36:32+02:00;ms;HR;Split, Croatia - Dugopolje;CHARGING : NO_CHARGE;21.00 kwh;N/A;N/A;N/A;N/A;;1.69/kwh;N/A;N/A;N/A;N/A;0.00;0.00;0.00;PAID;
2019-08-21T01:00:48+02:00;ms;HR;Split, Croatia - Dugopolje;CHARGING : NO_CHARGE;15.00 kwh;N/A;N/A;N/A;N/A;;1.69/kwh;N/A;N/A;N/A;N/A;0.00;0.00;0.00;PAID;
2019-08-20T19:31:48+02:00;ms;HR;Vrgorac, Croatia;CHARGING : NO_CHARGE;26.00 kwh;N/A;N/A;N/A;N/A;;1.66/kwh;N/A;N/A;N/A;N/A;0.00;0.00;0.00;PAID;
2019-08-20T11:13:28+02:00;ms;HR;Split, Croatia - Dugopolje;CHARGING : NO_CHARGE;17.00 kwh;N/A;N/A;N/A;N/A;;1.69/kwh;N/A;N/A;N/A;N/A;0.00;0.00;0.00;PAID;
2019-08-19T12:18:56+02:00;ms;HR;Split, Croatia - Dugopolje;CHARGING : NO_CHARGE;37.00 kwh;N/A;N/A;N/A;N/A;;1.69/kwh;N/A;N/A;N/A;N/A;0.00;0.00;0.00;PAID;
2019-08-18T23:11:48+02:00;ms;HR;Split, Croatia - Dugopolje;CHARGING : NO_CHARGE;15.00 kwh;N/A;N/A;N/A;N/A;;1.69/kwh;N/A;N/A;N/A;N/A;0.00;0.00;0.00;PAID;
2019-08-18T21:38:08+02:00;ms;HR;Zadar, Croatia;CHARGING : NO_CHARGE;30.00 kwh;N/A;N/A;N/A;N/A;;1.71/kwh;N/A;N/A;N/A;N/A;0.00;0.00;0.00;PAID;
2019-08-18T20:04:37+02:00;ms;HR;Otocac, Croatia;CHARGING : NO_CHARGE;21.00 kwh;N/A;N/A;N/A;N/A;;1.72/kwh;N/A;N/A;N/A;N/A;0.00;0.00;0.00;PAID;
2019-08-18T18:35:54+02:00;ms;HR;Karlovac, Croatia;CHARGING : NO_CHARGE;32.00 kwh;N/A;N/A;N/A;N/A;;1.65/kwh;N/A;N/A;N/A;N/A;0.00;0.00;0.00;PAID;
2019-08-18T12:25:33+02:00;ms;AT;Wiener Neustadt, Austria;CHARGING : NO_CHARGE;42.00 kwh;N/A;N/A;N/A;N/A;;0.28/kwh;N/A;N/A;N/A;N/A;0.00;0.00;0.00;PAID;
2019-08-17T13:00:38+02:00;ms;AT;Poysdorf, Austria;CHARGING : NO_CHARGE;26.00 kwh;N/A;N/A;N/A;N/A;;0.27/kwh;N/A;N/A;N/A;N/A;0.00;0.00;0.00;PAID;
2019-08-17T10:40:18+02:00;ms;CZ;Olomouc, Czech Republic;CHARGING : NO_CHARGE;39.00 kwh;N/A;N/A;N/A;N/A;;6.08/kwh;N/A;N/A;N/A;N/A;0.00;0.00;0.00;PAID;
2019-08-17T08:09:19+02:00;ms;PL;Katowice, Poland;CHARGING : NO_CHARGE;27.00 kwh;N/A;N/A;N/A;N/A;;1.29/kwh;N/A;N/A;N/A;N/A;0.00;0.00;0.00;PAID;
2019-07-12T23:30:52+02:00;ms;SK;Zvolen, Slovakia;CHARGING : NO_CHARGE;43.00 kwh;N/A;N/A;N/A;N/A;;0.24/kwh;N/A;N/A;N/A;N/A;0.00;0.00;0.00;PAID;
2019-07-12T20:58:54+02:00;ms;SK;Bratislava, Slovakia;CHARGING : NO_CHARGE;45.00 kwh;N/A;N/A;N/A;N/A;;0.26/kwh;N/A;N/A;N/A;N/A;0.00;0.00;0.00;PAID;
2019-07-12T18:10:37+02:00;ms;AT;Kapfenberg, Austria;CHARGING : NO_CHARGE;44.00 kwh;N/A;N/A;N/A;N/A;;0.27/kwh;N/A;N/A;N/A;N/A;0.00;0.00;0.00;PAID;
2019-07-12T15:10:08+02:00;ms;AT;Villach, Austria;CHARGING : NO_CHARGE;54.00 kwh;N/A;N/A;N/A;N/A;;0.28/kwh;N/A;N/A;N/A;N/A;0.00;0.00;0.00;PAID;
2019-06-25T21:16:39+02:00;ms;IT;Firenze, Italy;CHARGING : NO_CHARGE;28.00 kwh;N/A;N/A;N/A;N/A;;0.25/kwh;N/A;N/A;N/A;N/A;0.00;0.00;0.00;PAID;
2019-06-25T20:18:01+02:00;ms;IT;Firenze, Italy;CHARGING : NO_CHARGE;19.00 kwh;N/A;N/A;N/A;N/A;;0.25/kwh;N/A;N/A;N/A;N/A;0.00;0.00;0.00;PAID;
2019-06-25T18:05:28+02:00;ms;IT;Occhiobello, Italy;CHARGING : NO_CHARGE;33.00 kwh;N/A;N/A;N/A;N/A;;0.25/kwh;N/A;N/A;N/A;N/A;0.00;0.00;0.00;PAID;
2019-06-25T07:18:46+02:00;ms;IT;Mogliano Veneto, Italy;CHARGING : NO_CHARGE;40.00 kwh;N/A;N/A;N/A;N/A;;0.25/kwh;N/A;N/A;N/A;N/A;0.00;0.00;0.00;PAID;
2019-06-24T22:44:48+02:00;ms;AT;Villach, Austria;CHARGING : NO_CHARGE;44.00 kwh;N/A;N/A;N/A;N/A;;0.23/kwh;N/A;N/A;N/A;N/A;0.00;0.00;0.00;PAID;
2019-06-24T19:45:02+02:00;ms;AT;Kapfenberg, Austria;CHARGING : NO_CHARGE;47.00 kwh;N/A;N/A;N/A;N/A;;0.23/kwh;N/A;N/A;N/A;N/A;0.00;0.00;0.00;PAID;
2019-06-24T16:33:26+02:00;ms;SK;Bratislava, Slovakia;CHARGING : NO_CHARGE;39.00 kwh;N/A;N/A;N/A;N/A;;0.20/kwh;N/A;N/A;N/A;N/A;0.00;0.00;0.00;PAID;
2019-06-24T13:43:11+02:00;ms;SK;Zvolen, Slovakia;CHARGING : NO_CHARGE;36.00 kwh;N/A;N/A;N/A;N/A;;0.20/kwh;N/A;N/A;N/A;N/A;0.00;0.00;0.00;PAID;
2019-05-06T11:00:42+02:00;ms;PL;Katowice, Poland;CHARGING : NO_CHARGE;33.00 kwh;N/A;N/A;N/A;N/A;;1.29/kwh;N/A;N/A;N/A;N/A;0.00;0.00;0.00;PAID;
2019-04-29T12:29:39+02:00;ms;PL;Katowice, Poland;CHARGING : NO_CHARGE;8.00 kwh;N/A;N/A;N/A;N/A;;1.29/kwh;N/A;N/A;N/A;N/A;0.00;0.00;0.00;PAID;
2019-04-29T12:08:42+02:00;ms;PL;Katowice, Poland;CHARGING : NO_CHARGE;24.00 kwh;N/A;N/A;N/A;N/A;;1.29/kwh;N/A;N/A;N/A;N/A;0.00;0.00;0.00;PAID;
2019-01-15T08:44:51+01:00;ms;PL;Katowice, Poland;CHARGING : NO_CHARGE;N/A;54.00 min;N/A;N/A;N/A;;N/A;0.50/min;1.00/min;N/A;N/A;0.00;0.00;0.00;PAID;
2019-01-15T05:36:39+01:00;ms;PL;Kostomłoty, Poland;CHARGING : NO_CHARGE;N/A;21.00 min;23.00 min;N/A;N/A;;N/A;0.50/min;1.00/min;N/A;N/A;0.00;0.00;0.00;PAID;
2019-01-15T02:07:13+01:00;ms;DE;Bersteland, Germany;CHARGING : NO_CHARGE;N/A;31.00 min;21.00 min;N/A;N/A;;N/A;0.17/min;0.34/min;N/A;N/A;0.00;0.00;0.00;PAID;
2019-01-14T23:20:28+01:00;ms;DE;Hohenwarsleben, Germany;CHARGING : NO_CHARGE;N/A;30.00 min;19.00 min;N/A;N/A;;N/A;0.17/min;0.34/min;N/A;N/A;0.00;0.00;0.00;PAID;
2019-01-14T20:52:20+01:00;ms;DE;Lauenau, Germany;CHARGING : NO_CHARGE;N/A;31.00 min;26.00 min;N/A;N/A;;N/A;0.17/min;0.34/min;N/A;N/A;0.00;0.00;0.00;PAID;
2019-01-14T16:37:07+01:00;ms;NL;Apeldoorn, Netherlands ;CHARGING : NO_CHARGE;46.00 kwh;N/A;N/A;N/A;N/A;;0.20/kwh;N/A;N/A;N/A;N/A;0.00;0.00;0.00;PAID;
2019-01-11T18:56:14+01:00;ms;NL;Badhoevedorp, Netherlands;CHARGING : NO_CHARGE;14.00 kwh;N/A;N/A;N/A;N/A;;0.20/kwh;N/A;N/A;N/A;N/A;0.00;0.00;0.00;PAID;
2019-01-11T14:21:21+01:00;ms;NL;Badhoevedorp, Netherlands;CHARGING : NO_CHARGE;36.00 kwh;N/A;N/A;N/A;N/A;;0.20/kwh;N/A;N/A;N/A;N/A;0.00;0.00;0.00;PAID;
2019-01-11T14:12:22+01:00;ms;NL;Badhoevedorp, Netherlands;CHARGING : NO_CHARGE;6.00 kwh;N/A;N/A;N/A;N/A;;0.20/kwh;N/A;N/A;N/A;N/A;0.00;0.00;0.00;PAID;
2019-01-10T19:59:04+01:00;ms;NL;Badhoevedorp, Netherlands;CHARGING : NO_CHARGE;12.00 kwh;N/A;N/A;N/A;N/A;;0.20/kwh;N/A;N/A;N/A;N/A;0.00;0.00;0.00;PAID;
2019-01-10T14:26:24+01:00;ms;NL;Badhoevedorp, Netherlands;CHARGING : NO_CHARGE;48.00 kwh;N/A;N/A;N/A;N/A;;0.20/kwh;N/A;N/A;N/A;N/A;0.00;0.00;0.00;PAID;
2019-01-09T17:34:57+01:00;ms;NL;Badhoevedorp, Netherlands;CHARGING : NO_CHARGE;16.00 kwh;N/A;N/A;N/A;N/A;;0.20/kwh;N/A;N/A;N/A;N/A;0.00;0.00;0.00;PAID;
2019-01-09T11:55:43+01:00;ms;NL;Badhoevedorp, Netherlands;CHARGING : NO_CHARGE;22.00 kwh;N/A;N/A;N/A;N/A;;0.20/kwh;N/A;N/A;N/A;N/A;0.00;0.00;0.00;PAID;
2019-01-08T18:44:51+01:00;ms;NL;Badhoevedorp, Netherlands;CHARGING : NO_CHARGE;35.00 kwh;N/A;N/A;N/A;N/A;;0.20/kwh;N/A;N/A;N/A;N/A;0.00;0.00;0.00;PAID;
2019-01-08T15:35:27+01:00;ms;NL;Badhoevedorp, Netherlands;CHARGING : NO_CHARGE;19.00 kwh;N/A;N/A;N/A;N/A;;0.20/kwh;N/A;N/A;N/A;N/A;0.00;0.00;0.00;PAID;
2019-01-07T16:24:55+01:00;ms;NL;Badhoevedorp, Netherlands;CHARGING : NO_CHARGE;38.00 kwh;N/A;N/A;N/A;N/A;;0.20/kwh;N/A;N/A;N/A;N/A;0.00;0.00;0.00;PAID;
2019-01-06T18:10:48+01:00;ms;NL;Badhoevedorp, Netherlands;CHARGING : NO_CHARGE;12.00 kwh;N/A;N/A;N/A;N/A;;0.20/kwh;N/A;N/A;N/A;N/A;0.00;0.00;0.00;PAID;
2019-01-06T14:58:52+01:00;ms;NL;Badhoevedorp, Netherlands;CHARGING : NO_CHARGE;31.00 kwh;N/A;N/A;N/A;N/A;;0.20/kwh;N/A;N/A;N/A;N/A;0.00;0.00;0.00;PAID;
2019-01-04T20:19:33+01:00;ms;NL;Badhoevedorp, Netherlands;CHARGING : NO_CHARGE;14.00 kwh;N/A;N/A;N/A;N/A;;0.20/kwh;N/A;N/A;N/A;N/A;0.00;0.00;0.00;PAID;
2019-01-04T15:40:40+01:00;ms;NL;Badhoevedorp, Netherlands;CHARGING : NO_CHARGE;20.00 kwh;N/A;N/A;N/A;N/A;;0.20/kwh;N/A;N/A;N/A;N/A;0.00;0.00;0.00;PAID;
2019-01-03T20:16:52+01:00;ms;NL;Badhoevedorp, Netherlands;CHARGING : NO_CHARGE;12.00 kwh;N/A;N/A;N/A;N/A;;0.20/kwh;N/A;N/A;N/A;N/A;0.00;0.00;0.00;PAID;
2019-01-03T14:46:35+01:00;ms;NL;Badhoevedorp, Netherlands;CHARGING : NO_CHARGE;31.00 kwh;N/A;N/A;N/A;N/A;;0.20/kwh;N/A;N/A;N/A;N/A;0.00;0.00;0.00;PAID;
2019-01-02T17:58:25+01:00;ms;NL;Badhoevedorp, Netherlands;CHARGING : NO_CHARGE;52.00 kwh;N/A;N/A;N/A;N/A;;0.20/kwh;N/A;N/A;N/A;N/A;0.00;0.00;0.00;PAID;
2019-01-01T00:55:38+01:00;ms;NL;Breukelen, Netherlands;CHARGING : NO_CHARGE;55.00 kwh;N/A;N/A;N/A;N/A;;0.20/kwh;N/A;N/A;N/A;N/A;0.00;0.00;0.00;PAID;
2018-12-31T21:21:40+01:00;ms;NL;Badhoevedorp, Netherlands;CHARGING : NO_CHARGE;6.00 kwh;N/A;N/A;N/A;N/A;;0.20/kwh;N/A;N/A;N/A;N/A;0.00;0.00;0.00;PAID;
2018-12-31T16:59:27+01:00;ms;NL;Badhoevedorp, Netherlands;CHARGING : NO_CHARGE;26.00 kwh;N/A;N/A;N/A;N/A;;0.20/kwh;N/A;N/A;N/A;N/A;0.00;0.00;0.00;PAID;
2018-12-31T09:28:55+01:00;ms;NL;Badhoevedorp, Netherlands;CHARGING : NO_CHARGE;1.00 kwh;N/A;N/A;N/A;N/A;;0.20/kwh;N/A;N/A;N/A;N/A;0.00;0.00;0.00;PAID;
2018-12-30T13:04:42+01:00;ms;NL;Badhoevedorp, Netherlands;CHARGING : NO_CHARGE;20.00 kwh;N/A;N/A;N/A;N/A;;0.20/kwh;N/A;N/A;N/A;N/A;0.00;0.00;0.00;PAID;
2018-12-30T12:58:41+01:00;ms;NL;Badhoevedorp, Netherlands;CHARGING : NO_CHARGE;2.00 kwh;N/A;N/A;N/A;N/A;;0.20/kwh;N/A;N/A;N/A;N/A;0.00;0.00;0.00;PAID;
2018-12-29T21:37:27+01:00;ms;NL;Badhoevedorp, Netherlands;CHARGING : NO_CHARGE;32.00 kwh;N/A;N/A;N/A;N/A;;0.20/kwh;N/A;N/A;N/A;N/A;0.00;0.00;0.00;PAID;
2018-12-28T17:05:53+01:00;ms;NL;Badhoevedorp, Netherlands;CHARGING : NO_CHARGE;51.00 kwh;N/A;N/A;N/A;N/A;;0.20/kwh;N/A;N/A;N/A;N/A;0.00;0.00;0.00;PAID;
2018-12-28T10:05:23+01:00;ms;NL;Badhoevedorp, Netherlands;CHARGING : NO_CHARGE;5.00 kwh;N/A;N/A;N/A;N/A;;0.20/kwh;N/A;N/A;N/A;N/A;0.00;0.00;0.00;PAID;
2018-12-27T16:24:04+01:00;ms;NL;Badhoevedorp, Netherlands;CHARGING : NO_CHARGE;41.00 kwh;N/A;N/A;N/A;N/A;;0.20/kwh;N/A;N/A;N/A;N/A;0.00;0.00;0.00;PAID;
2018-12-24T10:32:20+01:00;ms;NL;Badhoevedorp, Netherlands;CHARGING : NO_CHARGE;18.00 kwh;N/A;N/A;N/A;N/A;;0.20/kwh;N/A;N/A;N/A;N/A;0.00;0.00;0.00;PAID;
2018-12-23T22:40:52+01:00;ms;NL;Badhoevedorp, Netherlands;CHARGING : NO_CHARGE;24.00 kwh;N/A;N/A;N/A;N/A;;0.20/kwh;N/A;N/A;N/A;N/A;0.00;0.00;0.00;PAID;
2018-12-23T22:36:40+01:00;ms;NL;Badhoevedorp, Netherlands;CHARGING : NO_CHARGE;1.00 kwh;N/A;N/A;N/A;N/A;;0.20/kwh;N/A;N/A;N/A;N/A;0.00;0.00;0.00;PAID;
2018-12-22T02:44:34+01:00;ms;NL;Badhoevedorp, Netherlands;CHARGING : NO_CHARGE;45.00 kwh;N/A;N/A;N/A;N/A;;0.20/kwh;N/A;N/A;N/A;N/A;0.00;0.00;0.00;PAID;
2018-12-21T21:35:08+01:00;ms;NL;Badhoevedorp, Netherlands;CHARGING : NO_CHARGE;19.00 kwh;N/A;N/A;N/A;N/A;;0.20/kwh;N/A;N/A;N/A;N/A;0.00;0.00;0.00;PAID;
2018-12-21T14:14:08+01:00;ms;NL;Badhoevedorp, Netherlands;CHARGING : NO_CHARGE;14.00 kwh;N/A;N/A;N/A;N/A;;0.20/kwh;N/A;N/A;N/A;N/A;0.00;0.00;0.00;PAID;
2018-12-20T17:22:55+01:00;ms;NL;Badhoevedorp, Netherlands;CHARGING : NO_CHARGE;12.00 kwh;N/A;N/A;N/A;N/A;;0.20/kwh;N/A;N/A;N/A;N/A;0.00;0.00;0.00;PAID;
2018-12-18T14:00:14+01:00;ms;NL;Badhoevedorp, Netherlands;CHARGING : NO_CHARGE;18.00 kwh;N/A;N/A;N/A;N/A;;0.20/kwh;N/A;N/A;N/A;N/A;0.00;0.00;0.00;PAID;
2018-12-17T16:42:39+01:00;ms;NL;Badhoevedorp, Netherlands;CHARGING : NO_CHARGE;7.00 kwh;N/A;N/A;N/A;N/A;;0.20/kwh;N/A;N/A;N/A;N/A;0.00;0.00;0.00;PAID;
2018-12-17T12:09:04+01:00;ms;NL;Badhoevedorp, Netherlands;CHARGING : NO_CHARGE;15.00 kwh;N/A;N/A;N/A;N/A;;0.20/kwh;N/A;N/A;N/A;N/A;0.00;0.00;0.00;PAID;
2018-12-16T22:12:12+01:00;ms;NL;Badhoevedorp, Netherlands;CHARGING : NO_CHARGE;45.00 kwh;N/A;N/A;N/A;N/A;;0.20/kwh;N/A;N/A;N/A;N/A;0.00;0.00;0.00;PAID;
2018-12-16T18:16:48+01:00;ms;NL;Badhoevedorp, Netherlands;CHARGING : NO_CHARGE;21.00 kwh;N/A;N/A;N/A;N/A;;0.20/kwh;N/A;N/A;N/A;N/A;0.00;0.00;0.00;PAID;
2018-12-16T16:28:48+01:00;ms;NL;Eindhoven, Netherlands;CHARGING : NO_CHARGE;42.00 kwh;N/A;N/A;N/A;N/A;;0.20/kwh;N/A;N/A;N/A;N/A;0.00;0.00;0.00;PAID;
2018-12-16T14:53:43+01:00;ms;NL;Breukelen, Netherlands;CHARGING : NO_CHARGE;11.00 kwh;N/A;N/A;N/A;N/A;;0.20/kwh;N/A;N/A;N/A;N/A;0.00;0.00;0.00;PAID;
2018-12-15T18:19:30+01:00;ms;NL;Badhoevedorp, Netherlands;CHARGING : NO_CHARGE;44.00 kwh;N/A;N/A;N/A;N/A;;0.20/kwh;N/A;N/A;N/A;N/A;0.00;0.00;0.00;PAID;
2018-12-14T19:12:54+01:00;ms;NL;Badhoevedorp, Netherlands;CHARGING : NO_CHARGE;11.00 kwh;N/A;N/A;N/A;N/A;;0.20/kwh;N/A;N/A;N/A;N/A;0.00;0.00;0.00;PAID;
2018-12-07T16:43:49+01:00;ms;NL;Badhoevedorp, Netherlands;CHARGING : NO_CHARGE;30.00 kwh;N/A;N/A;N/A;N/A;;0.20/kwh;N/A;N/A;N/A;N/A;0.00;0.00;0.00;PAID;
2018-12-07T14:17:57+01:00;ms;NL;Badhoevedorp, Netherlands;CHARGING : NO_CHARGE;5.00 kwh;N/A;N/A;N/A;N/A;;0.20/kwh;N/A;N/A;N/A;N/A;0.00;0.00;0.00;PAID;
2018-12-06T13:20:57+01:00;ms;NL;Badhoevedorp, Netherlands;CHARGING : NO_CHARGE;39.00 kwh;N/A;N/A;N/A;N/A;;0.20/kwh;N/A;N/A;N/A;N/A;0.00;0.00;0.00;PAID;
2018-12-05T12:03:00+01:00;ms;NL;Badhoevedorp, Netherlands;CHARGING : NO_CHARGE;26.00 kwh;N/A;N/A;N/A;N/A;;0.20/kwh;N/A;N/A;N/A;N/A;0.00;0.00;0.00;PAID;
2018-12-03T15:52:21+01:00;ms;NL;Badhoevedorp, Netherlands;CHARGING : NO_CHARGE;12.00 kwh;N/A;N/A;N/A;N/A;;0.20/kwh;N/A;N/A;N/A;N/A;0.00;0.00;0.00;PAID;
2018-12-03T12:48:38+01:00;ms;NL;Badhoevedorp, Netherlands;PARKING : FIRST_FREE_PARKING;N/A;28.00 min;N/A;N/A;N/A;;0.80/min;0.40/min;0.80/min;N/A;N/A;0.00;0.00;0.00;PAID;
2018-12-03T12:48:38+01:00;ms;NL;Badhoevedorp, Netherlands;CHARGING : NO_CHARGE;7.00 kwh;N/A;N/A;N/A;N/A;;0.20/kwh;N/A;N/A;N/A;N/A;0.00;0.00;0.00;PAID;
2018-12-01T16:50:40+01:00;ms;NL;Eindhoven, Netherlands;CHARGING : NO_CHARGE;40.00 kwh;N/A;N/A;N/A;N/A;;0.20/kwh;N/A;N/A;N/A;N/A;0.00;0.00;0.00;PAID;
2018-12-01T14:41:03+01:00;ms;NL;Zaltbommel, Netherlands;CHARGING : NO_CHARGE;24.00 kwh;N/A;N/A;N/A;N/A;;0.20/kwh;N/A;N/A;N/A;N/A;0.00;0.00;0.00;PAID;
2018-11-29T17:11:14+01:00;ms;NL;Badhoevedorp, Netherlands;CHARGING : NO_CHARGE;52.00 kwh;N/A;N/A;N/A;N/A;;0.20/kwh;N/A;N/A;N/A;N/A;0.00;0.00;0.00;PAID;
2018-11-29T17:07:53+01:00;ms;NL;Badhoevedorp, Netherlands;CHARGING : NO_CHARGE;1.00 kwh;N/A;N/A;N/A;N/A;;0.20/kwh;N/A;N/A;N/A;N/A;0.00;0.00;0.00;PAID;
2018-11-29T11:14:13+01:00;ms;NL;Badhoevedorp, Netherlands;CHARGING : NO_CHARGE;21.00 kwh;N/A;N/A;N/A;N/A;;0.20/kwh;N/A;N/A;N/A;N/A;0.00;0.00;0.00;PAID;
2018-11-27T12:26:45+01:00;ms;NL;Badhoevedorp, Netherlands;CHARGING : NO_CHARGE;19.00 kwh;N/A;N/A;N/A;N/A;;0.20/kwh;N/A;N/A;N/A;N/A;0.00;0.00;0.00;PAID;
2018-11-27T00:01:42+01:00;ms;NL;Badhoevedorp, Netherlands;CHARGING : NO_CHARGE;17.00 kwh;N/A;N/A;N/A;N/A;;0.20/kwh;N/A;N/A;N/A;N/A;0.00;0.00;0.00;PAID;
2018-11-22T22:31:25+01:00;ms;NL;Badhoevedorp, Netherlands;CHARGING : NO_CHARGE;36.00 kwh;N/A;N/A;N/A;N/A;;0.20/kwh;N/A;N/A;N/A;N/A;0.00;0.00;0.00;PAID;
2018-11-22T14:16:05+01:00;ms;NL;Badhoevedorp, Netherlands;CHARGING : NO_CHARGE;19.00 kwh;N/A;N/A;N/A;N/A;;0.20/kwh;N/A;N/A;N/A;N/A;0.00;0.00;0.00;PAID;
2018-11-22T14:11:39+01:00;ms;NL;Badhoevedorp, Netherlands;CHARGING : NO_CHARGE;2.00 kwh;N/A;N/A;N/A;N/A;;0.20/kwh;N/A;N/A;N/A;N/A;0.00;0.00;0.00;PAID;
2018-09-20T23:41:48+02:00;ms;NL;Breukelen, Netherlands;CHARGING : NO_CHARGE;28.00 kwh;N/A;N/A;N/A;N/A;;0.20/kwh;N/A;N/A;N/A;N/A;0.00;0.00;0.00;PAID;
2018-08-26T20:38:28+02:00;ms;NL;Breukelen, Netherlands;CHARGING : NO_CHARGE;41.00 kwh;N/A;N/A;N/A;N/A;;0.20/kwh;N/A;N/A;N/A;N/A;0.00;0.00;0.00;PAID;
2018-08-21T11:06:15+02:00;ms;NL;Apeldoorn, Netherlands ;CHARGING : NO_CHARGE;25.00 kwh;N/A;N/A;N/A;N/A;;0.20/kwh;N/A;N/A;N/A;N/A;0.00;0.00;0.00;PAID;
2018-08-21T09:01:48+02:00;ms;NL;Apeldoorn, Netherlands ;CHARGING : NO_CHARGE;14.00 kwh;N/A;N/A;N/A;N/A;;0.20/kwh;N/A;N/A;N/A;N/A;0.00;0.00;0.00;PAID;
2018-08-17T15:49:13+02:00;ms;NL;Apeldoorn, Netherlands ;CHARGING : NO_CHARGE;30.00 kwh;N/A;N/A;N/A;N/A;;0.20/kwh;N/A;N/A;N/A;N/A;0.00;0.00;0.00;PAID;
2018-08-17T13:15:29+02:00;ms;NL;Apeldoorn, Netherlands ;CHARGING : NO_CHARGE;30.00 kwh;N/A;N/A;N/A;N/A;;0.20/kwh;N/A;N/A;N/A;N/A;0.00;0.00;0.00;PAID;
2018-08-12T02:40:37+02:00;ms;NL;Breukelen, Netherlands;CHARGING : NO_CHARGE;24.00 kwh;N/A;N/A;N/A;N/A;;0.20/kwh;N/A;N/A;N/A;N/A;0.00;0.00;0.00;PAID;
2018-07-05T12:53:26+02:00;ms;NL;Breukelen, Netherlands;CHARGING : NO_CHARGE;38.00 kwh;N/A;N/A;N/A;N/A;;0.20/kwh;N/A;N/A;N/A;N/A;0.00;0.00;0.00;PAID;
2018-06-28T23:43:06+02:00;ms;NL;Dordrecht, Netherlands;CHARGING : NO_CHARGE;33.00 kwh;N/A;N/A;N/A;N/A;;0.20/kwh;N/A;N/A;N/A;N/A;0.00;0.00;0.00;PAID;
2018-06-27T00:45:36+02:00;ms;NL;Breukelen, Netherlands;CHARGING : NO_CHARGE;30.00 kwh;N/A;N/A;N/A;N/A;;0.20/kwh;N/A;N/A;N/A;N/A;0.00;0.00;0.00;PAID;
2018-06-18T15:00:16+02:00;ms;NL;Breukelen, Netherlands;CHARGING : NO_CHARGE;11.00 kwh;N/A;N/A;N/A;N/A;;0.20/kwh;N/A;N/A;N/A;N/A;0.00;0.00;0.00;PAID;
2018-06-04T11:53:24+02:00;ms;NL;Breukelen, Netherlands;CHARGING : NO_CHARGE;32.00 kwh;N/A;N/A;N/A;N/A;;0.20/kwh;N/A;N/A;N/A;N/A;0.00;0.00;0.00;PAID;
2018-03-19T14:05:37+01:00;ms;NL;Amsterdam, Netherlands;CHARGING : NO_CHARGE;7.00 kwh;N/A;N/A;N/A;N/A;;0.20/kwh;N/A;N/A;N/A;N/A;0.00;0.00;0.00;PAID;
2018-03-08T01:13:08+01:00;ms;NL;Apeldoorn, Netherlands ;CHARGING : NO_CHARGE;26.00 kwh;N/A;N/A;N/A;N/A;;0.20/kwh;N/A;N/A;N/A;N/A;0.00;0.00;0.00;PAID;
2018-03-05T23:06:12+01:00;ms;NL;Oosterhout, Netherlands;CHARGING : NO_CHARGE;35.00 kwh;N/A;N/A;N/A;N/A;;0.20/kwh;N/A;N/A;N/A;N/A;0.00;0.00;0.00;PAID;
2018-03-03T05:32:13+01:00;ms;NL;Oosterhout, Netherlands;CHARGING : NO_CHARGE;16.00 kwh;N/A;N/A;N/A;N/A;;0.20/kwh;N/A;N/A;N/A;N/A;0.00;0.00;0.00;PAID;
2018-03-03T01:13:25+01:00;ms;BE;Machelen, Belgium;CHARGING : NO_CHARGE;51.00 kwh;N/A;N/A;N/A;N/A;;0.23/kwh;N/A;N/A;N/A;N/A;0.00;0.00;0.00;PAID;
2018-03-02T20:29:09+01:00;ms;NL;Oosterhout, Netherlands;CHARGING : NO_CHARGE;32.00 kwh;N/A;N/A;N/A;N/A;;0.20/kwh;N/A;N/A;N/A;N/A;0.00;0.00;0.00;PAID;
2018-02-17T19:53:01+01:00;ms;NL;Oosterhout, Netherlands;CHARGING : NO_CHARGE;18.00 kwh;N/A;N/A;N/A;N/A;;0.20/kwh;N/A;N/A;N/A;N/A;0.00;0.00;0.00;PAID;
2018-02-17T18:17:23+01:00;ms;BE;Aartselaar, Belgium;CHARGING : NO_CHARGE;32.00 kwh;N/A;N/A;N/A;N/A;;0.23/kwh;N/A;N/A;N/A;N/A;0.00;0.00;0.00;PAID;
2018-02-17T16:42:00+01:00;ms;NL;Dordrecht, Netherlands;CHARGING : NO_CHARGE;21.00 kwh;N/A;N/A;N/A;N/A;;0.20/kwh;N/A;N/A;N/A;N/A;0.00;0.00;0.00;PAID;
2017-12-22T21:54:28+01:00;ms;NL;Eindhoven, Netherlands;CHARGING : NO_CHARGE;38.00 kwh;N/A;N/A;N/A;N/A;;0.20/kwh;N/A;N/A;N/A;N/A;0.00;0.00;0.00;PAID;
2017-11-21T01:14:31+01:00;ms;NL;Oosterhout, Netherlands;CHARGING : NO_CHARGE;36.00 kwh;N/A;N/A;N/A;N/A;;0.20/kwh;N/A;N/A;N/A;N/A;0.00;0.00;0.00;PAID;
2017-10-26T20:14:33+02:00;ms;NL;Dordrecht, Netherlands;CHARGING : NO_CHARGE;32.00 kwh;N/A;N/A;N/A;N/A;;0.20/kwh;N/A;N/A;N/A;N/A;0.00;0.00;0.00;PAID;
2017-09-05T19:58:03+02:00;ms;NL;Apeldoorn, Netherlands ;CHARGING : NO_CHARGE;44.00 kwh;N/A;N/A;N/A;N/A;;0.20/kwh;N/A;N/A;N/A;N/A;0.00;0.00;0.00;PAID;
2017-07-30T08:50:16+02:00;ms;NL;Zwolle, Netherlands;CHARGING : NO_CHARGE;46.00 kwh;N/A;N/A;N/A;N/A;;0.20/kwh;N/A;N/A;N/A;N/A;0.00;0.00;0.00;PAID;
2017-07-23T22:31:43+02:00;ms;NL;Oosterhout, Netherlands;CHARGING : NO_CHARGE;25.00 kwh;N/A;N/A;N/A;N/A;;0.20/kwh;N/A;N/A;N/A;N/A;0.00;0.00;0.00;PAID;
2017-07-23T22:21:36+02:00;ms;NL;Oosterhout, Netherlands;CHARGING : NO_CHARGE;12.00 kwh;N/A;N/A;N/A;N/A;;0.20/kwh;N/A;N/A;N/A;N/A;0.00;0.00;0.00;PAID;
2017-07-05T22:44:26+02:00;ms;NL;Dordrecht, Netherlands;CHARGING : NO_CHARGE;42.00 kwh;N/A;N/A;N/A;N/A;;0.20/kwh;N/A;N/A;N/A;N/A;0.00;0.00;0.00;PAID;
2017-06-24T01:02:27+02:00;ms;NL;Dordrecht, Netherlands;CHARGING : NO_CHARGE;30.00 kwh;N/A;N/A;N/A;N/A;;0.20/kwh;N/A;N/A;N/A;N/A;0.00;0.00;0.00;PAID;
2017-06-09T14:40:47+02:00;ms;NL;Zevenaar, Netherlands;CHARGING : NO_CHARGE;46.00 kwh;N/A;N/A;N/A;N/A;;0.20/kwh;N/A;N/A;N/A;N/A;0.00;0.00;0.00;PAID;
2017-06-09T14:35:59+02:00;ms;NL;Zevenaar, Netherlands;CHARGING : NO_CHARGE;2.00 kwh;N/A;N/A;N/A;N/A;;0.20/kwh;N/A;N/A;N/A;N/A;0.00;0.00;0.00;PAID;
2017-04-24T00:50:49+02:00;ms;NL;Dordrecht, Netherlands;CHARGING : NO_CHARGE;31.00 kwh;N/A;N/A;N/A;N/A;;0.20/kwh;N/A;N/A;N/A;N/A;0.00;0.00;0.00;PAID;
2017-03-31T05:01:55+02:00;ms;NL;Drachten, Netherlands;CHARGING : NO_CHARGE;42.00 kwh;N/A;N/A;N/A;N/A;;0.20/kwh;N/A;N/A;N/A;N/A;0.00;0.00;0.00;PAID;
2017-03-31T03:50:55+02:00;ms;NL;Drachten, Netherlands;CHARGING : NO_CHARGE;22.00 kwh;N/A;N/A;N/A;N/A;;0.20/kwh;N/A;N/A;N/A;N/A;0.00;0.00;0.00;PAID;